ts,study,total_trials,completed_trials,best_value,best_algo,mean_value
2025-11-19T06:19:26.363566+00:00,opti_v1.4_nn,1,1,0.41725083141129377,nn,0.41725083141129377
2025-11-19T06:21:42.515405+00:00,opti_v1.4_nn,2,2,0.3720666414288091,nn,0.39465873642005145
2025-11-19T06:25:16.884375+00:00,opti_v1.4_nn,3,3,0.3720666414288091,nn,0.5211104377181064
2025-11-19T06:27:46.256843+00:00,opti_v1.4_nn,4,4,0.3720666414288091,nn,0.48928621990876564
2025-11-19T06:29:48.539602+00:00,opti_v1.4_nn,5,5,0.37054794760235105,nn,0.46553856544748273
2025-11-19T06:32:12.171850+00:00,opti_v1.4_nn,6,6,0.37054794760235105,nn,0.5888214744576316
2025-11-19T06:35:08.126004+00:00,opti_v1.4_nn,7,7,0.37054794760235105,nn,0.5631452434938152
2025-11-19T06:37:17.932380+00:00,opti_v1.4_nn,8,8,0.37042460490188933,nn,0.5390551636698245
2025-11-19T06:40:25.459335+00:00,opti_v1.4_nn,9,9,0.37042460490188933,nn,0.5223284325213918
2025-11-19T06:45:38.627709+00:00,opti_v1.4_nn,10,10,0.37042460490188933,nn,0.5167044088612893
2025-11-19T06:47:51.567804+00:00,opti_v1.4_nn,11,11,0.37042460490188933,nn,0.5049939253510556
2025-11-19T06:49:45.795112+00:00,opti_v1.4_nn,12,12,0.37042460490188933,nn,0.4941569284287128
2025-11-19T06:51:30.636531+00:00,opti_v1.4_nn,13,13,0.37042460490188933,nn,0.4846874498281106
2025-11-19T06:54:44.310878+00:00,opti_v1.4_nn,14,14,0.37042460490188933,nn,0.4802310829796364
2025-11-19T06:57:39.727088+00:00,opti_v1.4_nn,15,15,0.37042460490188933,nn,0.47368243556770817
2025-11-19T06:59:49.572542+00:00,opti_v1.4_nn,16,16,0.37042460490188933,nn,0.46743965527540376
2025-11-19T07:02:13.382528+00:00,opti_v1.4_nn,17,17,0.37042460490188933,nn,0.46215961546027096
2025-11-19T07:04:42.569313+00:00,opti_v1.4_nn,18,18,0.37042460490188933,nn,0.46447761336753246
2025-11-19T07:06:53.741004+00:00,opti_v1.4_nn,19,19,0.37042460490188933,nn,0.4615940142571475
2025-11-19T07:09:39.160386+00:00,opti_v1.4_nn,20,20,0.3696962427285149,nn,0.45699912568071593
2025-11-19T07:12:06.982146+00:00,opti_v1.4_nn,21,21,0.3696962427285149,nn,0.4547850005895397
2025-11-19T07:14:42.808691+00:00,opti_v1.4_nn,22,22,0.3696962427285149,nn,0.4512744170023787
2025-11-19T07:17:03.781537+00:00,opti_v1.4_nn,23,23,0.3696962427285149,nn,0.44865104035332093
2025-11-19T07:19:39.918042+00:00,opti_v1.4_nn,24,24,0.3696962427285149,nn,0.4462885317581544
2025-11-19T07:21:55.560211+00:00,opti_v1.4_nn,25,25,0.3695952398417158,nn,0.4432208000814969
2025-11-19T07:24:26.498388+00:00,opti_v1.4_nn,26,26,0.3695952398417158,nn,0.4442255092455156
2025-11-19T07:26:46.570090+00:00,opti_v1.4_nn,27,27,0.3695952398417158,nn,0.44154683396506406
2025-11-19T07:29:30.492078+00:00,opti_v1.4_nn,28,28,0.3695952398417158,nn,0.43910956957854735
2025-11-19T07:32:02.493816+00:00,opti_v1.4_nn,29,29,0.3695952398417158,nn,0.4367509663942425
2025-11-19T07:34:44.072339+00:00,opti_v1.4_nn,30,30,0.3695952398417158,nn,0.43603630566758744
2025-11-19T07:37:02.110779+00:00,opti_v1.4_nn,31,31,0.3695952398417158,nn,0.4396280117777355
2025-11-19T07:39:16.523783+00:00,opti_v1.4_nn,32,32,0.3695952398417158,nn,0.43770456450569595
2025-11-19T07:41:19.313928+00:00,opti_v1.4_nn,33,33,0.3695952398417158,nn,0.4357074495797855
2025-11-19T07:43:29.837518+00:00,opti_v1.4_nn,34,34,0.3695952398417158,nn,0.43399276772112694
2025-11-19T07:46:02.087488+00:00,opti_v1.4_nn,35,35,0.3695952398417158,nn,0.43217485563185765
2025-11-19T07:49:15.460157+00:00,opti_v1.4_nn,36,36,0.3695952398417158,nn,0.43054577174677894
2025-11-19T07:51:52.934146+00:00,opti_v1.4_nn,37,37,0.3695952398417158,nn,0.42910787150366686
2025-11-19T07:54:20.233848+00:00,opti_v1.4_nn,38,38,0.3695952398417158,nn,0.4277175554904303
2025-11-19T07:56:21.759302+00:00,opti_v1.4_nn,39,39,0.3695952398417158,nn,0.42636253426181653
2025-11-19T07:59:03.692065+00:00,opti_v1.4_nn,40,40,0.3695952398417158,nn,0.42589990637633957
2025-11-19T08:01:19.049040+00:00,opti_v1.4_nn,41,41,0.3695952398417158,nn,0.42474167382242317
2025-11-19T08:03:30.876708+00:00,opti_v1.4_nn,42,42,0.3695952398417158,nn,0.42358640504608447
2025-11-19T08:05:54.570909+00:00,opti_v1.4_nn,43,43,0.3695952398417158,nn,0.42240461522392897
2025-11-19T08:08:14.056234+00:00,opti_v1.4_nn,44,44,0.3695952398417158,nn,0.42129554002250075
2025-11-19T08:10:33.782033+00:00,opti_v1.4_nn,45,45,0.3695952398417158,nn,0.4202548683559727
2025-11-19T08:13:21.214174+00:00,opti_v1.4_nn,46,46,0.3695952398417158,nn,0.41917601543997135
2025-11-19T08:17:02.488517+00:00,opti_v1.4_nn,47,47,0.3695952398417158,nn,0.418767407729581
2025-11-19T08:19:32.451165+00:00,opti_v1.4_nn,48,48,0.3695952398417158,nn,0.41784208434932096
2025-11-19T08:24:07.311599+00:00,opti_v1.4_nn,49,49,0.3695952398417158,nn,0.4170425565382467
2025-11-19T08:26:34.995244+00:00,opti_v1.4_nn,50,50,0.3695952398417158,nn,0.4161667398085605
2025-11-19T08:29:13.188720+00:00,opti_v1.4_nn,51,51,0.3639146938836735,nn,0.41514218988846463
2025-11-19T08:31:41.212996+00:00,opti_v1.4_nn,52,52,0.3639146938836735,nn,0.41420268959933443
2025-11-19T08:34:00.687949+00:00,opti_v1.4_nn,53,53,0.3639146938836735,nn,0.41341997257880037
2025-11-19T08:36:26.061887+00:00,opti_v1.4_nn,54,54,0.3639146938836735,nn,0.41262096022265965
2025-11-19T08:38:47.404575+00:00,opti_v1.4_nn,55,55,0.3639146938836735,nn,0.41191891131186137
2025-11-19T08:41:29.208214+00:00,opti_v1.4_nn,56,56,0.3639146938836735,nn,0.4115287682819631
2025-11-19T08:43:43.752685+00:00,opti_v1.4_nn,57,57,0.3639146938836735,nn,0.41077273670829667
2025-11-19T08:46:06.259715+00:00,opti_v1.4_nn,58,58,0.3639146938836735,nn,0.4103812417100724
2025-11-19T08:48:31.822382+00:00,opti_v1.4_nn,59,59,0.3639146938836735,nn,0.4096987651803469
2025-11-19T08:50:38.860810+00:00,opti_v1.4_nn,60,60,0.3639146938836735,nn,0.4090145150133621
2025-11-19T08:53:07.097998+00:00,opti_v1.4_nn,61,61,0.3639146938836735,nn,0.40838156974581763
2025-11-19T08:55:13.718378+00:00,opti_v1.4_nn,62,62,0.3639146938836735,nn,0.4077468981335931
2025-11-19T08:57:36.442537+00:00,opti_v1.4_nn,63,63,0.3639146938836735,nn,0.4071090448029069
2025-11-19T09:00:02.320629+00:00,opti_v1.4_nn,64,64,0.3639146938836735,nn,0.40649816418965823
2025-11-19T09:02:12.885337+00:00,opti_v1.4_nn,65,65,0.3639146938836735,nn,0.4058656586707096
2025-11-19T09:04:16.548329+00:00,opti_v1.4_nn,66,66,0.3639146938836735,nn,0.4052699598832209
2025-11-19T09:06:27.886947+00:00,opti_v1.4_nn,67,67,0.3639146938836735,nn,0.4047671359411291
2025-11-19T09:08:30.152680+00:00,opti_v1.4_nn,68,68,0.3639146938836735,nn,0.40419769820217033
2025-11-19T09:10:27.920891+00:00,opti_v1.4_nn,69,69,0.3639146938836735,nn,0.40369660540642777
2025-11-19T09:12:30.210831+00:00,opti_v1.4_nn,70,70,0.3639146938836735,nn,0.40317647886977837
2025-11-19T09:14:37.563305+00:00,opti_v1.4_nn,71,71,0.3639146938836735,nn,0.4026559693111942
2025-11-19T09:16:42.935125+00:00,opti_v1.4_nn,72,72,0.3639146938836735,nn,0.402215927366725
2025-11-19T09:19:09.457634+00:00,opti_v1.4_nn,73,73,0.3639146938836735,nn,0.4017349692448098
2025-11-19T09:21:22.188147+00:00,opti_v1.4_nn,74,74,0.3639146938836735,nn,0.40126737643841304
2025-11-19T09:23:24.055766+00:00,opti_v1.4_nn,75,75,0.3639146938836735,nn,0.40088283039351635
2025-11-19T09:25:27.025782+00:00,opti_v1.4_nn,76,76,0.3639146938836735,nn,0.4004505598604543
2025-11-19T09:27:42.920137+00:00,opti_v1.4_nn,77,77,0.3639146938836735,nn,0.40003266815885147
2025-11-19T09:30:04.619821+00:00,opti_v1.4_nn,78,78,0.3639146938836735,nn,0.3996545018271728
2025-11-19T09:32:18.385547+00:00,opti_v1.4_nn,79,79,0.3639146938836735,nn,0.3993108082982693
2025-11-19T09:34:18.598692+00:00,opti_v1.4_nn,80,80,0.3639146938836735,nn,0.398877452007237
2025-11-19T09:36:22.371946+00:00,opti_v1.4_nn,81,81,0.3639146938836735,nn,0.3985369407343268
2025-11-19T09:38:18.549463+00:00,opti_v1.4_nn,82,82,0.3639146938836735,nn,0.39815530024132634
2025-11-19T09:40:49.795942+00:00,opti_v1.4_nn,83,83,0.3639146938836735,nn,0.39780721203702224
2025-11-19T09:43:10.577089+00:00,opti_v1.4_nn,84,84,0.3639146938836735,nn,0.397439239474413
2025-11-19T09:45:18.083708+00:00,opti_v1.4_nn,85,85,0.3639146938836735,nn,0.3970492509496027
2025-11-19T09:47:36.569113+00:00,opti_v1.4_nn,86,86,0.3639146938836735,nn,0.39669704371950787
2025-11-19T09:49:43.953290+00:00,opti_v1.4_nn,87,87,0.3639146938836735,nn,0.3963798720700608
2025-11-19T09:52:19.999965+00:00,opti_v1.4_nn,88,88,0.3639146938836735,nn,0.39615891201203596
2025-11-19T09:54:16.281302+00:00,opti_v1.4_nn,89,89,0.3639146938836735,nn,0.39585221422573297
2025-11-19T09:56:07.667475+00:00,opti_v1.4_nn,90,90,0.3639146938836735,nn,0.3955883186533648
2025-11-19T09:58:16.018929+00:00,opti_v1.4_nn,91,91,0.3639146938836735,nn,0.3952966380526536
2025-11-19T10:00:28.929087+00:00,opti_v1.4_nn,92,92,0.3639146938836735,nn,0.3950101694050221
2025-11-19T10:02:44.190883+00:00,opti_v1.4_nn,93,93,0.3639146938836735,nn,0.3946916418490861
2025-11-19T10:04:55.567909+00:00,opti_v1.4_nn,94,94,0.3639146938836735,nn,0.3944225229286396
2025-11-19T10:07:13.627607+00:00,opti_v1.4_nn,95,95,0.3639146938836735,nn,0.3941448160382072
2025-11-19T10:10:09.332494+00:00,opti_v1.4_nn,96,96,0.3639146938836735,nn,0.39386454408944177
2025-11-19T10:12:47.564718+00:00,opti_v1.4_nn,97,97,0.3639146938836735,nn,0.3935605048323032
2025-11-19T10:15:07.750803+00:00,opti_v1.4_nn,98,98,0.3639146938836735,nn,0.3933205685369714
2025-11-19T10:17:24.709268+00:00,opti_v1.4_nn,99,99,0.3639146938836735,nn,0.393124173249326
2025-11-19T10:19:49.936545+00:00,opti_v1.4_nn,100,100,0.3639146938836735,nn,0.39293039260114637
2025-11-19T10:22:09.697450+00:00,opti_v1.4_nn,101,101,0.3639146938836735,nn,0.3926854680391087
2025-11-19T10:24:37.207364+00:00,opti_v1.4_nn,102,102,0.3639146938836735,nn,0.39250683054882946
2025-11-19T10:27:05.370804+00:00,opti_v1.4_nn,103,103,0.3639146938836735,nn,0.39225554352899583
2025-11-19T10:29:36.568114+00:00,opti_v1.4_nn,104,104,0.3639146938836735,nn,0.3920427911229475
2025-11-19T10:32:19.882504+00:00,opti_v1.4_nn,105,105,0.3639146938836735,nn,0.3918076949971113
2025-11-19T10:34:40.006586+00:00,opti_v1.4_nn,106,106,0.3639146938836735,nn,0.3915648661179834
2025-11-19T10:36:58.002357+00:00,opti_v1.4_nn,107,107,0.3639146938836735,nn,0.39136104810475225
2025-11-19T10:39:24.257427+00:00,opti_v1.4_nn,108,108,0.36317435138448806,nn,0.3911000601721572
2025-11-19T10:41:40.885639+00:00,opti_v1.4_nn,109,109,0.36317435138448806,nn,0.3908983785528393
2025-11-19T10:45:04.036807+00:00,opti_v1.4_nn,110,110,0.36317435138448806,nn,0.3906764408679405
2025-11-19T10:48:30.111907+00:00,opti_v1.4_nn,111,111,0.36317435138448806,nn,0.3906998331383804
2025-11-19T10:51:01.181512+00:00,opti_v1.4_nn,112,112,0.36317435138448806,nn,0.3905024773473847
2025-11-19T10:53:39.214911+00:00,opti_v1.4_nn,113,113,0.36317435138448806,nn,0.39026240710905885
2025-11-19T10:56:13.064470+00:00,opti_v1.4_nn,114,114,0.36317435138448806,nn,0.390043211784648
2025-11-19T10:58:42.193776+00:00,opti_v1.4_nn,115,115,0.36317435138448806,nn,0.3898242585201394
2025-11-19T11:00:54.160663+00:00,opti_v1.4_nn,116,116,0.36317435138448806,nn,0.3896340594966308
2025-11-19T11:03:29.463961+00:00,opti_v1.4_nn,117,117,0.36317435138448806,nn,0.38943452149182206
2025-11-19T11:06:31.643785+00:00,opti_v1.4_nn,118,118,0.36317435138448806,nn,0.3892229725154626
2025-11-19T11:08:49.615484+00:00,opti_v1.4_nn,119,119,0.36317435138448806,nn,0.38904112698813664
2025-11-19T11:11:24.422745+00:00,opti_v1.4_nn,120,120,0.36317435138448806,nn,0.3888323043967445
2025-11-19T11:14:07.824110+00:00,opti_v1.4_nn,121,121,0.36317435138448806,nn,0.3886233842154323
2025-11-19T11:16:40.404211+00:00,opti_v1.4_nn,122,122,0.36317435138448806,nn,0.38844546521837625
2025-11-19T11:19:12.206040+00:00,opti_v1.4_nn,123,123,0.36317435138448806,nn,0.38825751745173026
2025-11-19T11:21:26.670840+00:00,opti_v1.4_nn,124,124,0.36317435138448806,nn,0.38808653171240437
2025-11-19T11:23:58.485317+00:00,opti_v1.4_nn,125,125,0.36317435138448806,nn,0.3878993163464273
2025-11-19T11:26:59.052224+00:00,opti_v1.4_nn,126,126,0.36317435138448806,nn,0.3877541117303539
2025-11-19T11:29:52.931816+00:00,opti_v1.4_nn,127,127,0.36317435138448806,nn,0.3876148644010783
2025-11-19T11:32:58.049984+00:00,opti_v1.4_nn,128,128,0.36317435138448806,nn,0.38750134425095184
2025-11-19T11:35:44.317436+00:00,opti_v1.4_nn,129,129,0.36253005555897105,nn,0.38730776836961867
2025-11-19T11:38:16.428140+00:00,opti_v1.4_nn,130,130,0.36253005555897105,nn,0.3871230119433785
2025-11-19T11:40:47.671320+00:00,opti_v1.4_nn,131,131,0.36253005555897105,nn,0.3870215576593111
2025-11-19T11:43:07.312147+00:00,opti_v1.4_nn,132,132,0.36253005555897105,nn,0.386868396279585
2025-11-19T11:45:23.961547+00:00,opti_v1.4_nn,133,133,0.36253005555897105,nn,0.3867210611511331
2025-11-19T11:48:09.883982+00:00,opti_v1.4_nn,134,134,0.36253005555897105,nn,0.38655679476786614
2025-11-19T11:50:34.586548+00:00,opti_v1.4_nn,135,135,0.36253005555897105,nn,0.3866812750743858
2025-11-19T11:53:05.625084+00:00,opti_v1.4_nn,136,136,0.36253005555897105,nn,0.38651204549091395
2025-11-19T11:55:38.239084+00:00,opti_v1.4_nn,137,137,0.36253005555897105,nn,0.3863523908155693
2025-11-19T11:58:07.588575+00:00,opti_v1.4_nn,138,138,0.36253005555897105,nn,0.38629642668132275
2025-11-19T12:00:32.114108+00:00,opti_v1.4_nn,139,139,0.36253005555897105,nn,0.38615994724738645
2025-11-19T12:02:42.195153+00:00,opti_v1.4_nn,140,140,0.36253005555897105,nn,0.3860306775473934
2025-11-19T12:05:06.069594+00:00,opti_v1.4_nn,141,141,0.36253005555897105,nn,0.3859484617912323
2025-11-19T12:07:32.280779+00:00,opti_v1.4_nn,142,142,0.36253005555897105,nn,0.3858205024724745
2025-11-19T12:10:18.831368+00:00,opti_v1.4_nn,143,143,0.36253005555897105,nn,0.385660542411252
2025-11-19T12:12:54.793729+00:00,opti_v1.4_nn,144,144,0.36253005555897105,nn,0.3855263332895611
2025-11-19T12:16:11.524431+00:00,opti_v1.4_nn,145,145,0.36253005555897105,nn,0.385689556238416
2025-11-19T12:19:22.030473+00:00,opti_v1.4_nn,146,146,0.36253005555897105,nn,0.3855509856843015
2025-11-19T12:22:50.326735+00:00,opti_v1.4_nn,147,147,0.36253005555897105,nn,0.38541389768544754
2025-11-19T12:25:38.253938+00:00,opti_v1.4_nn,148,148,0.36253005555897105,nn,0.3852649557778215
2025-11-19T12:28:38.205009+00:00,opti_v1.4_nn,149,149,0.36253005555897105,nn,0.3851440336731177
2025-11-19T12:31:36.986239+00:00,opti_v1.4_nn,150,150,0.36253005555897105,nn,0.3850044192686524
2025-11-19T12:34:12.833445+00:00,opti_v1.4_nn,151,151,0.36253005555897105,nn,0.3848702086449393
2025-11-19T12:36:40.217678+00:00,opti_v1.4_nn,152,152,0.36253005555897105,nn,0.3847664936184213
2025-11-19T12:39:07.151505+00:00,opti_v1.4_nn,153,153,0.36253005555897105,nn,0.38466190879874335
2025-11-19T12:41:31.696122+00:00,opti_v1.4_nn,154,154,0.36253005555897105,nn,0.3845342831352562
2025-11-19T12:44:08.369904+00:00,opti_v1.4_nn,155,155,0.36253005555897105,nn,0.38456008718801366
2025-11-19T12:46:56.023068+00:00,opti_v1.4_nn,156,156,0.36253005555897105,nn,0.38443105028676033
2025-11-19T12:49:25.089001+00:00,opti_v1.4_nn,157,157,0.36253005555897105,nn,0.3843161787741518
2025-11-19T12:52:01.884847+00:00,opti_v1.4_nn,158,158,0.36253005555897105,nn,0.38421377647498023
2025-11-19T12:54:24.652126+00:00,opti_v1.4_nn,159,159,0.36253005555897105,nn,0.3840955859870647
2025-11-19T12:57:02.996897+00:00,opti_v1.4_nn,160,160,0.36253005555897105,nn,0.3840670703737715
2025-11-19T12:59:36.928944+00:00,opti_v1.4_nn,161,161,0.36223153293374877,nn,0.38393144591762235
2025-11-19T13:02:18.259718+00:00,opti_v1.4_nn,162,162,0.36223153293374877,nn,0.383833552950295
2025-11-19T13:04:48.046760+00:00,opti_v1.4_nn,163,163,0.36223153293374877,nn,0.38372349375569154
2025-11-19T13:07:41.408310+00:00,opti_v1.4_nn,164,164,0.36223153293374877,nn,0.3836188642171302
2025-11-19T13:10:23.296619+00:00,opti_v1.4_nn,165,165,0.36223153293374877,nn,0.3835089204702255
2025-11-19T13:13:41.974172+00:00,opti_v1.4_nn,166,166,0.3614275229051342,nn,0.3833759000029659
2025-11-19T13:18:28.953737+00:00,opti_v1.4_nn,167,167,0.3614275229051342,nn,0.38327906079778135
2025-11-19T13:22:13.039061+00:00,opti_v1.4_nn,168,168,0.3614275229051342,nn,0.38316570033256864
2025-11-19T13:25:36.176696+00:00,opti_v1.4_nn,169,169,0.3614275229051342,nn,0.3830664797913528
2025-11-19T13:29:15.090082+00:00,opti_v1.4_nn,170,170,0.3614275229051342,nn,0.38296692401981824
2025-11-19T13:32:11.143284+00:00,opti_v1.4_nn,171,171,0.3614275229051342,nn,0.3828696413844165
2025-11-19T13:35:27.032766+00:00,opti_v1.4_nn,172,172,0.3614275229051342,nn,0.38275883131813754
2025-11-19T13:38:18.538758+00:00,opti_v1.4_nn,173,173,0.3614275229051342,nn,0.3826749188461989
2025-11-19T13:40:48.360140+00:00,opti_v1.4_nn,174,174,0.3614275229051342,nn,0.38258444224377175
2025-11-19T13:43:36.189190+00:00,opti_v1.4_nn,175,175,0.3614275229051342,nn,0.3824815549763002
2025-11-19T13:46:30.332331+00:00,opti_v1.4_nn,176,176,0.3614275229051342,nn,0.38239979784657624
2025-11-19T13:48:44.594539+00:00,opti_v1.4_nn,177,177,0.3614275229051342,nn,0.3823863893148158
2025-11-19T13:51:14.596755+00:00,opti_v1.4_nn,178,178,0.3614275229051342,nn,0.3823172788917799
2025-11-19T13:53:46.054308+00:00,opti_v1.4_nn,179,179,0.3614275229051342,nn,0.3822204803719071
2025-11-19T13:56:19.629627+00:00,opti_v1.4_nn,180,180,0.3614275229051342,nn,0.3821145858549078
2025-11-19T13:59:04.533078+00:00,opti_v1.4_nn,181,181,0.3614275229051342,nn,0.382009389707902
2025-11-19T14:01:45.813252+00:00,opti_v1.4_nn,182,182,0.3614275229051342,nn,0.3819200825888648
2025-11-19T14:04:22.587055+00:00,opti_v1.4_nn,183,183,0.3614275229051342,nn,0.38190237890434275
2025-11-19T14:07:08.878882+00:00,opti_v1.4_nn,184,184,0.3614275229051342,nn,0.3818568561963051
2025-11-19T14:09:56.593650+00:00,opti_v1.4_nn,185,185,0.3614275229051342,nn,0.3817590305552421
2025-11-19T14:12:34.031807+00:00,opti_v1.4_nn,186,186,0.3614275229051342,nn,0.38167505133825896
2025-11-19T14:15:20.346368+00:00,opti_v1.4_nn,187,187,0.3614275229051342,nn,0.38158765189451554
2025-11-19T14:18:12.725105+00:00,opti_v1.4_nn,188,188,0.3614275229051342,nn,0.38149317574048336
2025-11-19T14:21:11.645454+00:00,opti_v1.4_nn,189,189,0.3614275229051342,nn,0.38142252706985025
2025-11-19T14:24:18.174524+00:00,opti_v1.4_nn,190,190,0.3614275229051342,nn,0.38136985409485885
2025-11-19T14:27:00.031580+00:00,opti_v1.4_nn,191,191,0.3614275229051342,nn,0.3812899222938202
2025-11-19T14:33:29.203615+00:00,opti_v1.4_nn,192,192,0.3614275229051342,nn,0.3812069519230506
2025-11-19T14:38:19.208675+00:00,opti_v1.4_nn,193,193,0.3614275229051342,nn,0.3811223114904245
2025-11-19T14:41:23.126419+00:00,opti_v1.4_nn,194,194,0.3614275229051342,nn,0.3812085730346295
2025-11-19T14:45:05.216818+00:00,opti_v1.4_nn,195,195,0.3614275229051342,nn,0.38111560296103186
2025-11-19T14:48:25.073406+00:00,opti_v1.4_nn,196,196,0.3614275229051342,nn,0.3810283165209684
2025-11-19T14:51:32.524214+00:00,opti_v1.4_nn,197,197,0.3614275229051342,nn,0.3809535624414159
2025-11-19T14:55:03.056111+00:00,opti_v1.4_nn,198,198,0.3614275229051342,nn,0.3809092349521424
2025-11-19T15:01:22.545178+00:00,opti_v1.4_nn,199,199,0.3614275229051342,nn,0.38090111648144576
2025-11-19T15:03:56.807088+00:00,opti_v1.4_nn,200,200,0.3614275229051342,nn,0.38085468295417996
2025-11-19T15:06:52.445605+00:00,opti_v1.4_nn,201,201,0.3614275229051342,nn,0.3807708020311052
2025-11-19T15:09:30.804607+00:00,opti_v1.4_nn,202,202,0.3614275229051342,nn,0.3806913287733356
2025-11-19T15:12:13.814645+00:00,opti_v1.4_nn,203,203,0.3614275229051342,nn,0.3806318600900756
2025-11-19T15:14:53.543639+00:00,opti_v1.4_nn,204,204,0.3614275229051342,nn,0.3805595025202171
2025-11-19T15:17:20.513916+00:00,opti_v1.4_nn,205,205,0.3614275229051342,nn,0.3805335664901417
2025-11-19T15:20:10.331749+00:00,opti_v1.4_nn,206,206,0.3614275229051342,nn,0.38045499478478284
2025-11-19T15:22:47.991272+00:00,opti_v1.4_nn,207,207,0.3614275229051342,nn,0.38039680139858273
2025-11-19T15:25:14.481031+00:00,opti_v1.4_nn,208,208,0.3614275229051342,nn,0.38032826036239914
2025-11-19T15:28:04.828346+00:00,opti_v1.4_nn,209,209,0.3614275229051342,nn,0.38024531646623877
2025-11-19T15:30:37.280245+00:00,opti_v1.4_nn,210,210,0.3614275229051342,nn,0.3802093661144334
2025-11-19T15:33:12.137022+00:00,opti_v1.4_nn,211,211,0.3614275229051342,nn,0.38015670418776776
2025-11-19T15:35:47.727356+00:00,opti_v1.4_nn,212,212,0.3614275229051342,nn,0.3800841220700454
2025-11-19T15:38:02.238043+00:00,opti_v1.4_nn,213,213,0.3614275229051342,nn,0.38003986922891025
2025-11-19T15:40:51.605232+00:00,opti_v1.4_nn,214,214,0.3614275229051342,nn,0.37995840119330704
2025-11-19T15:43:27.399646+00:00,opti_v1.4_nn,215,215,0.3614275229051342,nn,0.37987820872339734
2025-11-19T15:46:26.064408+00:00,opti_v1.4_nn,216,216,0.3614275229051342,nn,0.3798165655379175
2025-11-19T15:49:24.041339+00:00,opti_v1.4_nn,217,217,0.3614275229051342,nn,0.37975234413603076
2025-11-19T15:52:07.174407+00:00,opti_v1.4_nn,218,218,0.3614275229051342,nn,0.37968825074687473
2025-11-19T15:54:34.360065+00:00,opti_v1.4_nn,219,219,0.3614275229051342,nn,0.379614267932529
2025-11-19T15:57:28.325606+00:00,opti_v1.4_nn,220,220,0.3614275229051342,nn,0.3795441367443614
2025-11-19T15:59:58.024889+00:00,opti_v1.4_nn,221,221,0.3614275229051342,nn,0.37951287706807046
2025-11-19T16:09:12.983764+00:00,opti_v1.4_nn,222,222,0.3614275229051342,nn,0.3794964273809975
2025-11-19T16:13:38.736976+00:00,opti_v1.4_nn,223,223,0.3614275229051342,nn,0.3794433526595193
2025-11-19T16:18:10.377480+00:00,opti_v1.4_nn,224,224,0.3614275229051342,nn,0.379428015799229
2025-11-19T16:22:39.096692+00:00,opti_v1.4_nn,225,225,0.3614275229051342,nn,0.37938384716780843
2025-11-19T16:26:33.622436+00:00,opti_v1.4_nn,226,226,0.3614275229051342,nn,0.37932022350683514
2025-11-19T16:30:39.172262+00:00,opti_v1.4_nn,227,227,0.3614275229051342,nn,0.3792522490890427
2025-11-19T16:33:30.111158+00:00,opti_v1.4_nn,228,228,0.3614275229051342,nn,0.3792639852743195
2025-11-19T16:36:45.703808+00:00,opti_v1.4_nn,229,229,0.3614275229051342,nn,0.37922725670839147
2025-11-19T16:39:43.402468+00:00,opti_v1.4_nn,230,230,0.3614275229051342,nn,0.37916709249834923
2025-11-19T16:43:11.688968+00:00,opti_v1.4_nn,231,231,0.3614275229051342,nn,0.3791180983306281
2025-11-19T16:45:59.510480+00:00,opti_v1.4_nn,232,232,0.3614275229051342,nn,0.3790625698586953
2025-11-19T16:48:42.660707+00:00,opti_v1.4_nn,233,233,0.3614275229051342,nn,0.3789956182179872
2025-11-19T16:51:15.710433+00:00,opti_v1.4_nn,234,234,0.3614275229051342,nn,0.3789438783748076
2025-11-19T16:53:56.802751+00:00,opti_v1.4_nn,235,235,0.3614275229051342,nn,0.3788973779526524
2025-11-19T16:56:08.602749+00:00,opti_v1.4_nn,236,236,0.3614275229051342,nn,0.37887114083814166
2025-11-19T16:58:49.185420+00:00,opti_v1.4_nn,237,237,0.3614275229051342,nn,0.3788506844604904
2025-11-19T17:01:34.477569+00:00,opti_v1.4_nn,238,238,0.3614275229051342,nn,0.3788336535113082
2025-11-19T17:04:11.117726+00:00,opti_v1.4_nn,239,239,0.3614275229051342,nn,0.37877633498501795
2025-11-19T17:06:48.744883+00:00,opti_v1.4_nn,240,240,0.3614275229051342,nn,0.3787266476642728
2025-11-19T17:09:32.933955+00:00,opti_v1.4_nn,241,241,0.3614275229051342,nn,0.37870393755068377
2025-11-19T17:12:18.482988+00:00,opti_v1.4_nn,242,242,0.3614275229051342,nn,0.37864879786595385
2025-11-19T17:15:10.663694+00:00,opti_v1.4_nn,243,243,0.3614275229051342,nn,0.3786080351877372
2025-11-19T17:17:39.847018+00:00,opti_v1.4_nn,244,244,0.3614275229051342,nn,0.37854007437255804
2025-11-19T17:20:40.320486+00:00,opti_v1.4_nn,245,245,0.3614275229051342,nn,0.3784773328835221
2025-11-19T17:23:19.019400+00:00,opti_v1.4_nn,246,246,0.3614275229051342,nn,0.3784307556637096
2025-11-19T17:25:55.533845+00:00,opti_v1.4_nn,247,247,0.3614275229051342,nn,0.3783699317297837
2025-11-19T17:28:06.141587+00:00,opti_v1.4_nn,248,248,0.3614275229051342,nn,0.37833724040322936
2025-11-19T17:30:24.970403+00:00,opti_v1.4_nn,249,249,0.3614275229051342,nn,0.3782920814429871
2025-11-19T17:32:48.717694+00:00,opti_v1.4_nn,250,250,0.3614275229051342,nn,0.3782465183389274
2025-11-19T17:35:14.791731+00:00,opti_v1.4_nn,251,251,0.3614275229051342,nn,0.3781946491806456
2025-11-19T17:37:52.686601+00:00,opti_v1.4_nn,252,252,0.3614275229051342,nn,0.3781557629532767
2025-11-19T17:40:12.260313+00:00,opti_v1.4_nn,253,253,0.3614275229051342,nn,0.37810761178024505
2025-11-19T17:42:20.691124+00:00,opti_v1.4_nn,254,254,0.3614275229051342,nn,0.3780908772947137
2025-11-19T17:45:09.118351+00:00,opti_v1.4_nn,255,255,0.3614275229051342,nn,0.37805436832897793
2025-11-19T17:59:42.671286+00:00,opti_v1.4_nn,256,256,0.3614275229051342,nn,0.37800785670820714
2025-11-19T18:05:24.457537+00:00,opti_v1.4_nn,257,257,0.3614275229051342,nn,0.37794521683708876
2025-11-19T18:10:34.285251+00:00,opti_v1.4_nn,258,258,0.3614275229051342,nn,0.37790288913832526
2025-11-19T18:14:52.566661+00:00,opti_v1.4_nn,259,259,0.3614275229051342,nn,0.3778561483795267
2025-11-19T18:18:34.112116+00:00,opti_v1.4_nn,260,260,0.3614275229051342,nn,0.3778227127257199
2025-11-19T18:22:10.548693+00:00,opti_v1.4_nn,261,261,0.3614275229051342,nn,0.37776624802953435
2025-11-19T18:25:32.235369+00:00,opti_v1.4_nn,262,262,0.3614275229051342,nn,0.37772099897508143
2025-11-19T18:28:47.047628+00:00,opti_v1.4_nn,263,263,0.3614275229051342,nn,0.37767375622639443
2025-11-19T18:31:36.990301+00:00,opti_v1.4_nn,264,264,0.3614275229051342,nn,0.3776381176124188
2025-11-19T18:34:24.380654+00:00,opti_v1.4_nn,265,265,0.3614275229051342,nn,0.3775838358199674
2025-11-19T18:36:57.746787+00:00,opti_v1.4_nn,266,266,0.3614275229051342,nn,0.37756483915962913
2025-11-19T18:39:26.746051+00:00,opti_v1.4_nn,267,267,0.3614275229051342,nn,0.3775456280711606
2025-11-19T18:42:02.203748+00:00,opti_v1.4_nn,268,268,0.3614275229051342,nn,0.3774965540593475
2025-11-19T18:44:45.301258+00:00,opti_v1.4_nn,269,269,0.3614275229051342,nn,0.378274532381345
2025-11-19T18:47:06.179766+00:00,opti_v1.4_nn,270,270,0.3614275229051342,nn,0.3782257880938887
2025-11-19T18:49:28.031972+00:00,opti_v1.4_nn,271,271,0.3614275229051342,nn,0.37818186030246176
2025-11-19T18:51:58.911887+00:00,opti_v1.4_nn,272,272,0.3614275229051342,nn,0.37814014361423687
2025-11-19T18:54:17.240024+00:00,opti_v1.4_nn,273,273,0.3614275229051342,nn,0.3780948440039043
2025-11-19T18:56:32.545864+00:00,opti_v1.4_nn,274,274,0.3614275229051342,nn,0.37807636154775487
2025-11-19T18:58:57.183523+00:00,opti_v1.4_nn,275,275,0.3614275229051342,nn,0.3780402130000838
2025-11-19T19:01:10.793698+00:00,opti_v1.4_nn,276,276,0.3614275229051342,nn,0.3779942850072571
2025-11-19T19:03:23.826844+00:00,opti_v1.4_nn,277,277,0.3614275229051342,nn,0.37794697587787834
2025-11-19T19:05:30.487011+00:00,opti_v1.4_nn,278,278,0.3614275229051342,nn,0.3778987341534409
2025-11-19T19:07:39.835567+00:00,opti_v1.4_nn,279,279,0.3614275229051342,nn,0.37786360316244455
2025-11-19T19:09:54.736003+00:00,opti_v1.4_nn,280,280,0.3614275229051342,nn,0.37782129703559936
2025-11-19T19:12:16.230516+00:00,opti_v1.4_nn,281,281,0.3614275229051342,nn,0.3777871948702804
2025-11-19T19:14:44.382644+00:00,opti_v1.4_nn,282,282,0.3614275229051342,nn,0.37774481627617945
2025-11-19T19:17:01.265690+00:00,opti_v1.4_nn,283,283,0.3614275229051342,nn,0.37769583876802526
2025-11-19T19:19:06.293716+00:00,opti_v1.4_nn,284,284,0.3614275229051342,nn,0.3776663551315556
2025-11-19T19:21:26.236808+00:00,opti_v1.4_nn,285,285,0.3614275229051342,nn,0.37762900855717857
2025-11-19T19:23:45.355639+00:00,opti_v1.4_nn,286,286,0.3614275229051342,nn,0.3775817387720211
2025-11-19T19:25:57.183272+00:00,opti_v1.4_nn,287,287,0.3614275229051342,nn,0.37754255498304673
2025-11-19T19:28:37.234759+00:00,opti_v1.4_nn,288,288,0.3614275229051342,nn,0.3775009756566797
2025-11-19T19:31:06.364080+00:00,opti_v1.4_nn,289,289,0.3614275229051342,nn,0.3774597478832595
2025-11-19T19:33:22.590841+00:00,opti_v1.4_nn,290,290,0.3614275229051342,nn,0.37741765656744547
2025-11-19T19:35:44.748928+00:00,opti_v1.4_nn,291,291,0.3614275229051342,nn,0.3773771993149209
2025-11-19T19:38:03.288534+00:00,opti_v1.4_nn,292,292,0.3614275229051342,nn,0.37734149248686527
2025-11-19T19:40:13.899476+00:00,opti_v1.4_nn,293,293,0.3614275229051342,nn,0.3772961477911525
2025-11-19T19:57:45.411178+00:00,opti_v1.4_nn,294,294,0.3614275229051342,nn,0.37728695870727635
2025-11-19T20:04:11.535701+00:00,opti_v1.4_nn,295,295,0.3614275229051342,nn,0.377254549679602
2025-11-19T20:09:54.393396+00:00,opti_v1.4_nn,296,296,0.3614275229051342,nn,0.3772124304569127
2025-11-19T20:14:41.306662+00:00,opti_v1.4_nn,297,297,0.3614275229051342,nn,0.37717767228717786
2025-11-19T20:20:02.810209+00:00,opti_v1.4_nn,298,298,0.3614275229051342,nn,0.37714817903328823
2025-11-19T20:22:52.481552+00:00,opti_v1.4_nn,299,299,0.3614275229051342,nn,0.3771522992735504
2025-11-19T20:26:43.508340+00:00,opti_v1.4_nn,300,300,0.3614275229051342,nn,0.37711327776237974
2025-11-19T20:30:49.039923+00:00,opti_v1.4_nn,301,301,0.3614275229051342,nn,0.37708050054227105
2025-11-19T20:34:41.065806+00:00,opti_v1.4_nn,302,302,0.3614275229051342,nn,0.3770346623517155
2025-11-19T20:38:37.165527+00:00,opti_v1.4_nn,303,303,0.3614275229051342,nn,0.3769935979136342
2025-11-19T20:42:12.996732+00:00,opti_v1.4_nn,304,304,0.3614275229051342,nn,0.3769594672593839
2025-11-19T20:45:10.903735+00:00,opti_v1.4_nn,305,305,0.3614275229051342,nn,0.37692210053825537
2025-11-19T20:48:34.920305+00:00,opti_v1.4_nn,306,306,0.3614275229051342,nn,0.3768943163046401
2025-11-19T20:51:12.280295+00:00,opti_v1.4_nn,307,307,0.3614275229051342,nn,0.37687026891366876
2025-11-19T20:53:37.950728+00:00,opti_v1.4_nn,308,308,0.3614275229051342,nn,0.3768586012835204
2025-11-19T20:56:41.562614+00:00,opti_v1.4_nn,309,309,0.3614275229051342,nn,0.3768116829517746
2025-11-19T20:59:05.037966+00:00,opti_v1.4_nn,310,310,0.3614275229051342,nn,0.37677632005874195
2025-11-19T21:01:19.581867+00:00,opti_v1.4_nn,311,311,0.3614275229051342,nn,0.37674808201430504
2025-11-19T21:04:19.605241+00:00,opti_v1.4_nn,312,312,0.3614275229051342,nn,0.3767204988364692
2025-11-19T21:06:30.913411+00:00,opti_v1.4_nn,313,313,0.3614275229051342,nn,0.3766862806478605
2025-11-19T21:09:13.501173+00:00,opti_v1.4_nn,314,314,0.3614275229051342,nn,0.3766790066901842
2025-11-19T21:11:38.508729+00:00,opti_v1.4_nn,315,315,0.3614275229051342,nn,0.37664960537458864
2025-11-19T21:14:09.112070+00:00,opti_v1.4_nn,316,316,0.3614275229051342,nn,0.37660785316934353
2025-11-19T21:16:52.098152+00:00,opti_v1.4_nn,317,317,0.3614275229051342,nn,0.3765648932791089
2025-11-19T21:19:30.712009+00:00,opti_v1.4_nn,318,318,0.3614275229051342,nn,0.3765344247468981
2025-11-19T21:21:55.147996+00:00,opti_v1.4_nn,319,319,0.3614275229051342,nn,0.37649630246339505
2025-11-19T21:24:08.066916+00:00,opti_v1.4_nn,320,320,0.3614275229051342,nn,0.3764677372450913
2025-11-19T21:26:27.073160+00:00,opti_v1.4_nn,321,321,0.3614275229051342,nn,0.3764260671578529
2025-11-19T21:28:51.054737+00:00,opti_v1.4_nn,322,322,0.3614275229051342,nn,0.37639341199932536
2025-11-19T21:31:05.873853+00:00,opti_v1.4_nn,323,323,0.3614275229051342,nn,0.37640164300087414
2025-11-19T21:33:24.955498+00:00,opti_v1.4_nn,324,324,0.3614275229051342,nn,0.376366711788403
2025-11-19T21:35:53.611207+00:00,opti_v1.4_nn,325,325,0.3614275229051342,nn,0.37635085374919586
2025-11-19T21:37:55.645347+00:00,opti_v1.4_nn,326,326,0.3614275229051342,nn,0.3763404801209982
2025-11-19T21:40:05.030998+00:00,opti_v1.4_nn,327,327,0.3614275229051342,nn,0.37632505151503765
2025-11-19T21:42:23.952274+00:00,opti_v1.4_nn,328,328,0.3614275229051342,nn,0.3762832231358987
2025-11-19T21:44:39.851339+00:00,opti_v1.4_nn,329,329,0.3614275229051342,nn,0.37625210999265374
2025-11-19T21:46:33.186911+00:00,opti_v1.4_nn,330,330,0.3614275229051342,nn,0.3763192971595038
2025-11-19T21:48:54.085496+00:00,opti_v1.4_nn,331,331,0.3614275229051342,nn,0.37629119599651156
2025-11-19T21:50:58.978525+00:00,opti_v1.4_nn,332,332,0.3614275229051342,nn,0.3762695109906532
2025-11-19T21:53:25.880630+00:00,opti_v1.4_nn,333,333,0.3614275229051342,nn,0.3762359006562161
2025-11-19T21:56:06.167709+00:00,opti_v1.4_nn,334,334,0.3614275229051342,nn,0.37620945121288757
2025-11-19T21:58:16.748802+00:00,opti_v1.4_nn,335,335,0.3614275229051342,nn,0.3761876255377951
2025-11-19T22:00:42.550936+00:00,opti_v1.4_nn,336,336,0.3614275229051342,nn,0.37619767365721096
2025-11-19T22:03:55.140756+00:00,opti_v1.4_nn,337,337,0.3614275229051342,nn,0.3761554075477602
2025-11-19T22:06:39.616823+00:00,opti_v1.4_nn,338,338,0.3614275229051342,nn,0.3761243551733955
2025-11-19T22:23:43.358639+00:00,opti_v1.4_nn,339,339,0.3614275229051342,nn,0.3760934964442739
2025-11-19T22:31:38.622294+00:00,opti_v1.4_nn,340,340,0.3614275229051342,nn,0.37606024960512596
2025-11-19T22:36:22.838707+00:00,opti_v1.4_nn,341,341,0.3614275229051342,nn,0.37618614082935736
2025-11-19T22:43:42.582847+00:00,opti_v1.4_nn,342,342,0.3614275229051342,nn,0.3761790552558438
2025-11-19T22:49:39.266398+00:00,opti_v1.4_nn,343,343,0.3614275229051342,nn,0.3761458542775936
2025-11-19T22:54:41.570374+00:00,opti_v1.4_nn,344,344,0.3614275229051342,nn,0.3761073123613837
2025-11-19T22:59:54.658969+00:00,opti_v1.4_nn,345,345,0.3614275229051342,nn,0.3760824774248818
2025-11-19T23:04:33.956625+00:00,opti_v1.4_nn,346,346,0.3614275229051342,nn,0.3760504924291617
2025-11-19T23:09:06.208793+00:00,opti_v1.4_nn,347,347,0.3614275229051342,nn,0.3760272713267754
2025-11-19T23:13:03.648077+00:00,opti_v1.4_nn,348,348,0.3614275229051342,nn,0.3760000957534263
2025-11-19T23:17:15.952530+00:00,opti_v1.4_nn,349,349,0.3614275229051342,nn,0.3759735243029807
2025-11-19T23:21:16.586492+00:00,opti_v1.4_nn,350,350,0.3614275229051342,nn,0.37593752402627617
2025-11-19T23:23:54.000618+00:00,opti_v1.4_nn,351,351,0.3614275229051342,nn,0.3759450609653164
2025-11-19T23:27:06.849646+00:00,opti_v1.4_nn,352,352,0.3614275229051342,nn,0.37590902534200715
2025-11-19T23:30:10.107815+00:00,opti_v1.4_nn,353,353,0.3614275229051342,nn,0.3758912385076758
2025-11-19T23:33:16.562135+00:00,opti_v1.4_nn,354,354,0.3614275229051342,nn,0.3758629889731322
2025-11-19T23:36:08.163692+00:00,opti_v1.4_nn,355,355,0.3614275229051342,nn,0.3758300813483754
2025-11-19T23:39:04.464427+00:00,opti_v1.4_nn,356,356,0.3614275229051342,nn,0.375797771435774
2025-11-19T23:41:40.739888+00:00,opti_v1.4_nn,357,357,0.3614275229051342,nn,0.3757761106451872
2025-11-19T23:45:07.812283+00:00,opti_v1.4_nn,358,358,0.3614275229051342,nn,0.3757911782526242
2025-11-19T23:47:35.162724+00:00,opti_v1.4_nn,359,359,0.3614275229051342,nn,0.37577942231920125
2025-11-19T23:50:05.530760+00:00,opti_v1.4_nn,360,360,0.3614275229051342,nn,0.37574487805158296
2025-11-19T23:52:39.537979+00:00,opti_v1.4_nn,361,361,0.3614275229051342,nn,0.37573298685264594
2025-11-19T23:55:14.876072+00:00,opti_v1.4_nn,362,362,0.3614275229051342,nn,0.3757086333170186
2025-11-19T23:57:54.742166+00:00,opti_v1.4_nn,363,363,0.3614275229051342,nn,0.37569604118252303
2025-11-20T00:00:39.387683+00:00,opti_v1.4_nn,364,364,0.3614275229051342,nn,0.3756893951133981
2025-11-20T00:03:00.400769+00:00,opti_v1.4_nn,365,365,0.3614275229051342,nn,0.3756908200101159
2025-11-20T00:05:32.675987+00:00,opti_v1.4_nn,366,366,0.3614275229051342,nn,0.3756589400791706
2025-11-20T00:08:30.167353+00:00,opti_v1.4_nn,367,367,0.3614275229051342,nn,0.37570474644698904
2025-11-20T00:11:35.609439+00:00,opti_v1.4_nn,368,368,0.3605450058899397,nn,0.37566355149982317
2025-11-20T00:14:33.619966+00:00,opti_v1.4_nn,369,369,0.3605450058899397,nn,0.3756374069220705
2025-11-20T00:17:26.636100+00:00,opti_v1.4_nn,370,370,0.3605450058899397,nn,0.37561951370693086
2025-11-20T00:20:45.775780+00:00,opti_v1.4_nn,371,371,0.3605450058899397,nn,0.3755835423326045
2025-11-20T00:23:30.697050+00:00,opti_v1.4_nn,372,372,0.3605450058899397,nn,0.37555767533561424
2025-11-20T00:26:19.875584+00:00,opti_v1.4_nn,373,373,0.3605450058899397,nn,0.3756110166463353
2025-11-20T00:29:14.503800+00:00,opti_v1.4_nn,374,374,0.3605450058899397,nn,0.37558761452387474
2025-11-20T00:32:20.869204+00:00,opti_v1.4_nn,375,375,0.3605450058899397,nn,0.37555581695193624
2025-11-20T00:35:44.296992+00:00,opti_v1.4_nn,376,376,0.3605450058899397,nn,0.3755728705556277
2025-11-20T00:49:15.397324+00:00,opti_v1.4_nn,378,377,0.3605450058899397,nn,0.3755479249774857
2025-11-20T00:52:03.620963+00:00,opti_v1.4_nn,379,378,0.3605450058899397,nn,0.3755506944004098
2025-11-20T00:54:53.090229+00:00,opti_v1.4_nn,380,379,0.3605450058899397,nn,0.37553107827046467
2025-11-20T00:57:56.991958+00:00,opti_v1.4_nn,381,380,0.3605450058899397,nn,0.37549474690496926
2025-11-20T01:01:23.047988+00:00,opti_v1.4_nn,382,381,0.3605450058899397,nn,0.37548357363034646
2025-11-20T01:03:42.888131+00:00,opti_v1.4_nn,383,382,0.3605450058899397,nn,0.37547176219697875
2025-11-20T01:06:14.281068+00:00,opti_v1.4_nn,384,383,0.3605450058899397,nn,0.3754538068666525
2025-11-20T01:08:57.436105+00:00,opti_v1.4_nn,385,384,0.3605450058899397,nn,0.37544053048809944
2025-11-20T01:11:35.034329+00:00,opti_v1.4_nn,386,385,0.3605450058899397,nn,0.37543656312598966
2025-11-20T01:14:22.227789+00:00,opti_v1.4_nn,387,386,0.3605450058899397,nn,0.37541269636758107
2025-11-20T01:17:08.505934+00:00,opti_v1.4_nn,388,387,0.3605450058899397,nn,0.37538846348003907
2025-11-20T01:20:04.150245+00:00,opti_v1.4_nn,389,388,0.3605450058899397,nn,0.3753802035703116
2025-11-20T01:23:11.466051+00:00,opti_v1.4_nn,390,389,0.3605450058899397,nn,0.37535882622889205
2025-11-20T01:26:09.604556+00:00,opti_v1.4_nn,391,390,0.3605450058899397,nn,0.37534450942591996
2025-11-20T01:28:52.834548+00:00,opti_v1.4_nn,392,391,0.3605450058899397,nn,0.37531926506936353
2025-11-20T01:31:53.867107+00:00,opti_v1.4_nn,393,392,0.3605450058899397,nn,0.3753188674040355
2025-11-20T01:34:41.837627+00:00,opti_v1.4_nn,394,393,0.3605450058899397,nn,0.3752987750246273
2025-11-20T01:37:31.237044+00:00,opti_v1.4_nn,395,394,0.3605450058899397,nn,0.3752714368417378
2025-11-20T01:40:31.802131+00:00,opti_v1.4_nn,396,395,0.3605450058899397,nn,0.37523929210839185
2025-11-20T01:44:48.261306+00:00,opti_v1.4_nn,397,396,0.3605450058899397,nn,0.37522766733370677
2025-11-20T01:51:14.784806+00:00,opti_v1.4_nn,398,397,0.3605450058899397,nn,0.37538904830947095
2025-11-20T01:54:12.892765+00:00,opti_v1.4_nn,399,398,0.3605450058899397,nn,0.37536275482677345
2025-11-20T01:57:15.525902+00:00,opti_v1.4_nn,400,399,0.3605450058899397,nn,0.37535720909798276
2025-11-20T01:59:48.595656+00:00,opti_v1.4_nn,401,400,0.3605450058899397,nn,0.37534385958062727
2025-11-20T02:02:23.428611+00:00,opti_v1.4_nn,402,401,0.3605450058899397,nn,0.3753307498610631
2025-11-20T02:05:21.476538+00:00,opti_v1.4_nn,403,402,0.3605450058899397,nn,0.37530765784815173
2025-11-20T02:08:05.727928+00:00,opti_v1.4_nn,404,403,0.3605450058899397,nn,0.37528959322172245
2025-11-20T02:10:37.835134+00:00,opti_v1.4_nn,405,404,0.3605450058899397,nn,0.3752759740919636
2025-11-20T02:13:32.849590+00:00,opti_v1.4_nn,406,405,0.3605450058899397,nn,0.3752673402043652
2025-11-20T02:16:04.809016+00:00,opti_v1.4_nn,407,406,0.3605450058899397,nn,0.3752436871002217
2025-11-20T02:19:08.878727+00:00,opti_v1.4_nn,408,407,0.3605450058899397,nn,0.3752167124758228
2025-11-20T02:21:48.179592+00:00,opti_v1.4_nn,409,408,0.3605450058899397,nn,0.375232735060209
2025-11-20T02:24:48.812622+00:00,opti_v1.4_nn,410,409,0.3605450058899397,nn,0.3751997198481439
2025-11-20T02:27:43.469946+00:00,opti_v1.4_nn,411,410,0.3605450058899397,nn,0.37517837386182157
2025-11-20T03:21:56.117858+00:00,opti_v1.4_nn,413,411,0.3605450058899397,nn,0.3751740820991648
2025-11-20T03:24:10.353801+00:00,opti_v1.4_nn,414,412,0.3605450058899397,nn,0.37514826219801023
2025-11-20T03:26:56.831992+00:00,opti_v1.4_nn,415,413,0.3605450058899397,nn,0.37511816619149835
2025-11-20T03:29:26.191150+00:00,opti_v1.4_nn,416,414,0.3605450058899397,nn,0.37510369587242187
2025-11-20T03:32:12.378695+00:00,opti_v1.4_nn,417,415,0.3605450058899397,nn,0.3750857965561417
2025-11-20T03:34:47.404600+00:00,opti_v1.4_nn,418,416,0.3605450058899397,nn,0.37508128687547365
2025-11-20T03:37:13.548760+00:00,opti_v1.4_nn,419,417,0.3605450058899397,nn,0.3750553100937362
2025-11-20T03:40:34.712836+00:00,opti_v1.4_nn,420,418,0.3605450058899397,nn,0.3750715220060923
2025-11-20T03:42:55.223511+00:00,opti_v1.4_nn,421,419,0.3605450058899397,nn,0.37505031818590234
2025-11-20T03:45:24.843103+00:00,opti_v1.4_nn,422,420,0.3605450058899397,nn,0.3750677355097413
2025-11-20T03:47:49.747897+00:00,opti_v1.4_nn,423,421,0.3605450058899397,nn,0.37505135439018195
2025-11-20T03:50:34.381452+00:00,opti_v1.4_nn,424,422,0.3605450058899397,nn,0.37503313932514815
2025-11-20T03:52:42.449977+00:00,opti_v1.4_nn,425,423,0.3605450058899397,nn,0.3750210489058656
2025-11-20T03:55:05.344280+00:00,opti_v1.4_nn,426,424,0.3605450058899397,nn,0.3750517544726406
2025-11-20T03:57:39.759571+00:00,opti_v1.4_nn,427,425,0.3605450058899397,nn,0.3750264230568049
2025-11-20T04:00:06.040632+00:00,opti_v1.4_nn,428,426,0.3605450058899397,nn,0.37499935030974374
2025-11-20T04:03:07.328542+00:00,opti_v1.4_nn,429,427,0.3605450058899397,nn,0.37500759858774146
2025-11-20T04:05:43.271826+00:00,opti_v1.4_nn,430,428,0.3605450058899397,nn,0.3749825752142597
2025-11-20T04:08:09.459079+00:00,opti_v1.4_nn,431,429,0.3605450058899397,nn,0.3749517416994411
2025-11-20T04:10:30.138777+00:00,opti_v1.4_nn,432,430,0.3605450058899397,nn,0.3749286196851763
2025-11-20T04:12:51.584560+00:00,opti_v1.4_nn,433,431,0.3605450058899397,nn,0.37491471456459646
2025-11-20T04:15:16.099158+00:00,opti_v1.4_nn,434,432,0.3605450058899397,nn,0.3748957079605669
2025-11-20T04:18:10.356682+00:00,opti_v1.4_nn,435,433,0.3605450058899397,nn,0.3748729177203991
2025-11-20T04:20:33.881491+00:00,opti_v1.4_nn,436,434,0.3605450058899397,nn,0.3748507868162246
2025-11-20T04:22:47.584402+00:00,opti_v1.4_nn,437,435,0.3605450058899397,nn,0.37482946212673424
2025-11-20T04:25:09.897616+00:00,opti_v1.4_nn,438,436,0.3605450058899397,nn,0.3748145475330615
2025-11-20T04:27:49.440613+00:00,opti_v1.4_nn,439,437,0.3605450058899397,nn,0.3747913700694478
2025-11-20T04:30:12.356325+00:00,opti_v1.4_nn,440,438,0.3605450058899397,nn,0.37476887846387374
2025-11-20T04:32:18.070579+00:00,opti_v1.4_nn,441,439,0.3605450058899397,nn,0.37474662518102625
2025-11-20T04:34:30.675663+00:00,opti_v1.4_nn,442,440,0.3605450058899397,nn,0.3747249487057362
2025-11-20T04:37:00.081423+00:00,opti_v1.4_nn,443,441,0.3605450058899397,nn,0.37470538286232624
2025-11-20T04:39:31.817420+00:00,opti_v1.4_nn,444,442,0.3605450058899397,nn,0.3746827124428668
2025-11-20T04:42:09.301623+00:00,opti_v1.4_nn,445,443,0.3605450058899397,nn,0.374662296637235
2025-11-20T04:44:32.998613+00:00,opti_v1.4_nn,446,444,0.3605450058899397,nn,0.37465432836257173
2025-11-20T04:46:45.625426+00:00,opti_v1.4_nn,447,445,0.3605450058899397,nn,0.37485563580545656
2025-11-20T04:49:31.342947+00:00,opti_v1.4_nn,448,446,0.3605450058899397,nn,0.37483787667551033
2025-11-20T04:51:41.056260+00:00,opti_v1.4_nn,449,447,0.3605450058899397,nn,0.3748641394834557
2025-11-20T04:54:32.793278+00:00,opti_v1.4_nn,450,448,0.3605450058899397,nn,0.37484751244711034
2025-11-20T04:57:03.427808+00:00,opti_v1.4_nn,451,449,0.3605450058899397,nn,0.3748360634916469
2025-11-20T05:03:03.516414+00:00,opti_v1.4_nn,452,450,0.3605450058899397,nn,0.37490003541560063
2025-11-20T05:05:39.243041+00:00,opti_v1.4_nn,453,451,0.3605450058899397,nn,0.3748775681025435
2025-11-20T05:08:37.372713+00:00,opti_v1.4_nn,454,452,0.3605450058899397,nn,0.3748604031341066
2025-11-20T05:13:55.733661+00:00,opti_v1.4_nn,456,453,0.3605450058899397,nn,0.37484951533399485
2025-11-20T05:16:29.845670+00:00,opti_v1.4_nn,457,454,0.3605450058899397,nn,0.3748482233862089
2025-11-20T05:19:11.643625+00:00,opti_v1.4_nn,458,455,0.3605450058899397,nn,0.37482769901233737
2025-11-20T05:21:50.525378+00:00,opti_v1.4_nn,459,456,0.3605450058899397,nn,0.3748288123891945
2025-11-20T05:24:13.971535+00:00,opti_v1.4_nn,460,457,0.3605450058899397,nn,0.3748200462316328
2025-11-20T05:26:45.865919+00:00,opti_v1.4_nn,461,458,0.3605450058899397,nn,0.37481011783876894
2025-11-20T05:29:25.944918+00:00,opti_v1.4_nn,462,459,0.3605450058899397,nn,0.37480233887841996
2025-11-20T05:32:04.640923+00:00,opti_v1.4_nn,463,460,0.3605450058899397,nn,0.37480999997316655
2025-11-20T05:34:29.546267+00:00,opti_v1.4_nn,464,461,0.3605450058899397,nn,0.37482619249284865
2025-11-20T05:36:53.868007+00:00,opti_v1.4_nn,465,462,0.3605450058899397,nn,0.37482094535215355
2025-11-20T05:39:29.905248+00:00,opti_v1.4_nn,466,463,0.3605450058899397,nn,0.37483919938521404
2025-11-20T05:41:46.737603+00:00,opti_v1.4_nn,467,464,0.3605450058899397,nn,0.37485119661068506
2025-11-20T05:44:07.690309+00:00,opti_v1.4_nn,468,465,0.3605450058899397,nn,0.3748377361776043
2025-11-20T05:46:55.456239+00:00,opti_v1.4_nn,469,466,0.3605450058899397,nn,0.3748254140418094
2025-11-20T05:49:56.072409+00:00,opti_v1.4_nn,470,467,0.3605450058899397,nn,0.3748320760689689
2025-11-20T05:52:28.514354+00:00,opti_v1.4_nn,471,468,0.3605450058899397,nn,0.37482249219785396
2025-11-20T05:55:09.121083+00:00,opti_v1.4_nn,472,469,0.3605450058899397,nn,0.37481415563806386
2025-11-20T05:57:38.325370+00:00,opti_v1.4_nn,473,470,0.3605450058899397,nn,0.37492879837347726
2025-11-20T06:00:10.548751+00:00,opti_v1.4_nn,474,471,0.3605450058899397,nn,0.3749167455230209
2025-11-20T06:02:34.043046+00:00,opti_v1.4_nn,475,472,0.3605450058899397,nn,0.37489893180356587
2025-11-20T06:04:29.856431+00:00,opti_v1.4_nn,476,473,0.3605450058899397,nn,0.37497805023411906
2025-11-20T06:06:57.294677+00:00,opti_v1.4_nn,477,474,0.3605450058899397,nn,0.3749588787308984
2025-11-20T06:09:16.537225+00:00,opti_v1.4_nn,478,475,0.3605450058899397,nn,0.37494950359054213
2025-11-20T06:11:33.584011+00:00,opti_v1.4_nn,479,476,0.3605450058899397,nn,0.3749477054881691
2025-11-20T06:13:43.126705+00:00,opti_v1.4_nn,480,477,0.3605450058899397,nn,0.3749379995810069
2025-11-20T06:15:59.566996+00:00,opti_v1.4_nn,481,478,0.3605450058899397,nn,0.37492532257419425
2025-11-20T06:18:16.403255+00:00,opti_v1.4_nn,482,479,0.3605450058899397,nn,0.3749154748130209
2025-11-20T06:20:19.503205+00:00,opti_v1.4_nn,483,480,0.3605450058899397,nn,0.37491260863613646
2025-11-20T06:22:29.386241+00:00,opti_v1.4_nn,484,481,0.3605450058899397,nn,0.3749033318986938
2025-11-20T06:24:47.602580+00:00,opti_v1.4_nn,485,482,0.3605450058899397,nn,0.3748942439933072
2025-11-20T06:27:03.123431+00:00,opti_v1.4_nn,486,483,0.3605450058899397,nn,0.3748786509820543
2025-11-20T06:29:29.077486+00:00,opti_v1.4_nn,487,484,0.3605450058899397,nn,0.37487303583489084
2025-11-20T06:31:20.327534+00:00,opti_v1.4_nn,488,485,0.3605450058899397,nn,0.3748780258137665
2025-11-20T06:33:46.695829+00:00,opti_v1.4_nn,489,486,0.3605450058899397,nn,0.3748615002893936
2025-11-20T06:36:09.052209+00:00,opti_v1.4_nn,490,487,0.3605450058899397,nn,0.3748452873794097
2025-11-20T06:38:34.303427+00:00,opti_v1.4_nn,491,488,0.3605450058899397,nn,0.37483402190743437
2025-11-20T06:40:53.536476+00:00,opti_v1.4_nn,492,489,0.3605450058899397,nn,0.37482319066707315
2025-11-20T06:43:23.512888+00:00,opti_v1.4_nn,493,490,0.3605450058899397,nn,0.37481350888957926
2025-11-20T06:45:56.705723+00:00,opti_v1.4_nn,494,491,0.3605450058899397,nn,0.37479945735663256
2025-11-20T06:47:59.702498+00:00,opti_v1.4_nn,495,492,0.3605450058899397,nn,0.3748121206772324
2025-11-20T06:50:31.046637+00:00,opti_v1.4_nn,496,493,0.3605450058899397,nn,0.3747992664772827
2025-11-20T06:53:02.940475+00:00,opti_v1.4_nn,497,494,0.3605450058899397,nn,0.3748197126218118
2025-11-20T06:55:25.224481+00:00,opti_v1.4_nn,498,495,0.3605450058899397,nn,0.37480799162185874
2025-11-20T06:57:38.290409+00:00,opti_v1.4_nn,499,496,0.3605450058899397,nn,0.37479723264995896
2025-11-20T06:59:47.688246+00:00,opti_v1.4_nn,500,497,0.3605450058899397,nn,0.37479709687168244
2025-11-20T07:01:44.472689+00:00,opti_v1.4_nn,501,498,0.3605450058899397,nn,0.3748041320353586
2025-11-20T07:04:13.880423+00:00,opti_v1.4_nn,502,499,0.3605450058899397,nn,0.3748090569264735
2025-11-20T07:06:49.457144+00:00,opti_v1.4_nn,503,500,0.3605450058899397,nn,0.3747966683849311
2025-11-20T07:09:21.498500+00:00,opti_v1.4_nn,504,501,0.3605450058899397,nn,0.3747822627635943
2025-11-20T07:11:42.352796+00:00,opti_v1.4_nn,505,502,0.3605450058899397,nn,0.37477815165222805
2025-11-20T07:13:58.385938+00:00,opti_v1.4_nn,506,503,0.3605450058899397,nn,0.3747667496258715
2025-11-20T07:16:04.029173+00:00,opti_v1.4_nn,507,504,0.3605450058899397,nn,0.3747569948019967
2025-11-20T07:17:51.510572+00:00,opti_v1.4_nn,508,505,0.3605450058899397,nn,0.3747936567134527
2025-11-20T07:20:09.371598+00:00,opti_v1.4_nn,509,506,0.3605450058899397,nn,0.37478232136617345
2025-11-20T07:22:31.018200+00:00,opti_v1.4_nn,510,507,0.3605450058899397,nn,0.3747686466830478
2025-11-20T07:25:11.800697+00:00,opti_v1.4_nn,511,508,0.3605450058899397,nn,0.37478878428486323
2025-11-20T07:27:02.266015+00:00,opti_v1.4_nn,512,509,0.3605450058899397,nn,0.3747907570555606
2025-11-20T07:29:16.134582+00:00,opti_v1.4_nn,513,510,0.3605450058899397,nn,0.37478776339739417
2025-11-20T07:31:35.834062+00:00,opti_v1.4_nn,514,511,0.3605450058899397,nn,0.37477780273303224
2025-11-20T07:33:53.495737+00:00,opti_v1.4_nn,515,512,0.3605450058899397,nn,0.37476624587600293
2025-11-20T07:35:53.172736+00:00,opti_v1.4_nn,516,513,0.3605450058899397,nn,0.3747615418365811
2025-11-20T07:38:00.028465+00:00,opti_v1.4_nn,517,514,0.3605450058899397,nn,0.37475438697276786
2025-11-20T07:40:24.687068+00:00,opti_v1.4_nn,518,515,0.3605450058899397,nn,0.37473957728954693
2025-11-20T07:43:22.061707+00:00,opti_v1.4_nn,519,516,0.3605450058899397,nn,0.374764018705629
2025-11-20T07:46:14.640790+00:00,opti_v1.4_nn,520,517,0.3605450058899397,nn,0.3747537275464817
2025-11-20T07:48:17.636852+00:00,opti_v1.4_nn,521,518,0.3605450058899397,nn,0.37481199760159634
2025-11-20T07:50:51.120012+00:00,opti_v1.4_nn,522,519,0.3605450058899397,nn,0.37480518808114044
2025-11-20T07:53:04.164361+00:00,opti_v1.4_nn,523,520,0.3605450058899397,nn,0.3747937342239895
2025-11-20T07:55:16.375275+00:00,opti_v1.4_nn,524,521,0.3605450058899397,nn,0.37479404546040795
2025-11-20T07:57:14.073683+00:00,opti_v1.4_nn,525,522,0.3605450058899397,nn,0.37480194237760206
2025-11-20T07:59:26.730201+00:00,opti_v1.4_nn,526,523,0.3605450058899397,nn,0.37479494404777053
2025-11-20T08:01:47.724282+00:00,opti_v1.4_nn,527,524,0.3605450058899397,nn,0.3747889178578103
2025-11-20T08:03:59.351504+00:00,opti_v1.4_nn,528,525,0.3605450058899397,nn,0.3747799333761515
2025-11-20T08:06:39.152485+00:00,opti_v1.4_nn,529,526,0.3605450058899397,nn,0.37477255677527593
2025-11-20T08:09:24.037221+00:00,opti_v1.4_nn,530,527,0.3605450058899397,nn,0.3747646716190615
2025-11-20T08:11:57.386891+00:00,opti_v1.4_nn,531,528,0.3605450058899397,nn,0.3747587456698615
2025-11-20T08:14:17.070077+00:00,opti_v1.4_nn,532,529,0.3605450058899397,nn,0.3747543109069962
2025-11-20T08:16:36.613086+00:00,opti_v1.4_nn,533,530,0.3605450058899397,nn,0.374746312969476
2025-11-20T08:18:49.816938+00:00,opti_v1.4_nn,534,531,0.3605450058899397,nn,0.37473709196559823
2025-11-20T08:21:11.823427+00:00,opti_v1.4_nn,535,532,0.3605450058899397,nn,0.3747212942085095
2025-11-20T08:23:13.284162+00:00,opti_v1.4_nn,536,533,0.3605450058899397,nn,0.37471553853797823
2025-11-20T08:25:39.714219+00:00,opti_v1.4_nn,537,534,0.3605450058899397,nn,0.3747003992344584
2025-11-20T08:27:39.196412+00:00,opti_v1.4_nn,538,535,0.3605450058899397,nn,0.3746905302980729
2025-11-20T08:29:51.424044+00:00,opti_v1.4_nn,539,536,0.3605450058899397,nn,0.37468632385345757
2025-11-20T08:32:06.922919+00:00,opti_v1.4_nn,540,537,0.3605450058899397,nn,0.37468337145672015
2025-11-20T08:34:56.046221+00:00,opti_v1.4_nn,541,538,0.3605450058899397,nn,0.37470313895647095
2025-11-20T08:37:40.014906+00:00,opti_v1.4_nn,542,539,0.3605450058899397,nn,0.37470460847568143
2025-11-20T08:40:09.044621+00:00,opti_v1.4_nn,543,540,0.3605450058899397,nn,0.3747096891177833
2025-11-20T08:42:09.931290+00:00,opti_v1.4_nn,544,541,0.3605450058899397,nn,0.3747350024634577
2025-11-20T08:45:30.172587+00:00,opti_v1.4_nn,545,542,0.3605450058899397,nn,0.3748679957194412
2025-11-20T08:47:57.333859+00:00,opti_v1.4_nn,546,543,0.3605450058899397,nn,0.3748589424997375
2025-11-20T08:49:58.478429+00:00,opti_v1.4_nn,547,544,0.3605450058899397,nn,0.37484827403243937
2025-11-20T08:51:55.231885+00:00,opti_v1.4_nn,548,545,0.3605450058899397,nn,0.3748395216397308
2025-11-20T08:53:42.882613+00:00,opti_v1.4_nn,549,546,0.3605450058899397,nn,0.37484871642807055
2025-11-20T08:55:34.594074+00:00,opti_v1.4_nn,550,547,0.3605450058899397,nn,0.3748395469657192
2025-11-20T08:57:47.174292+00:00,opti_v1.4_nn,551,548,0.3605450058899397,nn,0.3748346971652793
2025-11-20T08:59:51.828966+00:00,opti_v1.4_nn,552,549,0.3605450058899397,nn,0.3748244230405315
2025-11-20T09:02:14.641944+00:00,opti_v1.4_nn,553,550,0.3605450058899397,nn,0.37481375076632184
2025-11-20T09:04:31.964869+00:00,opti_v1.4_nn,554,551,0.3605450058899397,nn,0.3748054184963831
2025-11-20T09:07:01.915948+00:00,opti_v1.4_nn,555,552,0.3605450058899397,nn,0.3747927229763912
2025-11-20T09:09:45.092200+00:00,opti_v1.4_nn,556,553,0.3605450058899397,nn,0.3747847965685344
2025-11-20T09:12:31.735285+00:00,opti_v1.4_nn,557,554,0.3605450058899397,nn,0.3747737301385023
2025-11-20T09:14:50.734081+00:00,opti_v1.4_nn,558,555,0.3605450058899397,nn,0.37475865433951716
2025-11-20T09:17:10.145639+00:00,opti_v1.4_nn,559,556,0.3605450058899397,nn,0.37474653979434147
2025-11-20T09:19:08.158028+00:00,opti_v1.4_nn,560,557,0.3605450058899397,nn,0.37474586953796
2025-11-20T09:21:27.344651+00:00,opti_v1.4_nn,561,558,0.3605450058899397,nn,0.3747345632425498
2025-11-20T09:24:36.216127+00:00,opti_v1.4_nn,562,559,0.3605450058899397,nn,0.37474509684880325
2025-11-20T09:26:41.397016+00:00,opti_v1.4_nn,563,560,0.3605450058899397,nn,0.3747345636493868
2025-11-20T09:28:42.295669+00:00,opti_v1.4_nn,564,561,0.3605450058899397,nn,0.37474371851736443
2025-11-20T09:30:47.030410+00:00,opti_v1.4_nn,565,562,0.3605450058899397,nn,0.37473490029394635
2025-11-20T09:33:27.560552+00:00,opti_v1.4_nn,566,563,0.3605450058899397,nn,0.37474362514844595
2025-11-20T09:35:25.259133+00:00,opti_v1.4_nn,567,564,0.3605450058899397,nn,0.37474241741239833
2025-11-20T09:37:49.102844+00:00,opti_v1.4_nn,568,565,0.3605450058899397,nn,0.3747380956225328
2025-11-20T09:39:39.931798+00:00,opti_v1.4_nn,569,566,0.3605450058899397,nn,0.374768354035181
2025-11-20T09:41:54.524525+00:00,opti_v1.4_nn,570,567,0.3605450058899397,nn,0.37475771763400334
2025-11-20T09:45:04.955588+00:00,opti_v1.4_nn,571,568,0.3605450058899397,nn,0.37474935433833806
2025-11-20T09:48:04.330385+00:00,opti_v1.4_nn,572,569,0.3605450058899397,nn,0.3747435618421726
2025-11-20T09:50:49.828481+00:00,opti_v1.4_nn,573,570,0.3605450058899397,nn,0.3747370767628967
2025-11-20T09:53:25.278213+00:00,opti_v1.4_nn,574,571,0.3605450058899397,nn,0.3747315168349056
2025-11-20T09:55:51.728879+00:00,opti_v1.4_nn,575,572,0.3605450058899397,nn,0.3747209284230778
2025-11-20T09:58:14.281729+00:00,opti_v1.4_nn,576,573,0.3605450058899397,nn,0.374713523855734
2025-11-20T10:00:26.879133+00:00,opti_v1.4_nn,577,574,0.3605450058899397,nn,0.3747123771666837
2025-11-20T10:03:04.262178+00:00,opti_v1.4_nn,578,575,0.3605450058899397,nn,0.3747012078485064
2025-11-20T10:05:18.990397+00:00,opti_v1.4_nn,579,576,0.3605450058899397,nn,0.37468844559200615
2025-11-20T10:07:18.035163+00:00,opti_v1.4_nn,580,577,0.3605450058899397,nn,0.3746906202491604
2025-11-20T10:09:30.870298+00:00,opti_v1.4_nn,581,578,0.3605450058899397,nn,0.37468621679832553
2025-11-20T10:11:40.776767+00:00,opti_v1.4_nn,582,579,0.3605450058899397,nn,0.3746866466507409
2025-11-20T10:13:59.699752+00:00,opti_v1.4_nn,583,580,0.3605450058899397,nn,0.3746736904339327
2025-11-20T10:16:22.169035+00:00,opti_v1.4_nn,584,581,0.3605450058899397,nn,0.37466311486607223
2025-11-20T10:18:55.746824+00:00,opti_v1.4_nn,585,582,0.3605450058899397,nn,0.3747027105040219
2025-11-20T10:21:25.494320+00:00,opti_v1.4_nn,586,583,0.3605450058899397,nn,0.37469521301200226
2025-11-20T10:23:39.260742+00:00,opti_v1.4_nn,587,584,0.3605450058899397,nn,0.37468510018940787
2025-11-20T10:25:53.147312+00:00,opti_v1.4_nn,588,585,0.3605450058899397,nn,0.3746752437084419
2025-11-20T10:29:03.892226+00:00,opti_v1.4_nn,589,586,0.3605450058899397,nn,0.3746771001954112
2025-11-20T10:32:28.017565+00:00,opti_v1.4_nn,590,587,0.3605450058899397,nn,0.37467554045742074
2025-11-20T10:35:33.326900+00:00,opti_v1.4_nn,591,588,0.3605450058899397,nn,0.374667187634884
2025-11-20T10:38:02.350468+00:00,opti_v1.4_nn,592,589,0.3605450058899397,nn,0.37465909861302776
2025-11-20T10:40:45.283604+00:00,opti_v1.4_nn,593,590,0.3605450058899397,nn,0.3746566722500133
2025-11-20T10:42:39.850716+00:00,opti_v1.4_nn,594,591,0.3605450058899397,nn,0.3747204872661763
2025-11-20T10:44:49.999166+00:00,opti_v1.4_nn,595,592,0.3605450058899397,nn,0.3747162857764427
2025-11-20T10:46:58.431481+00:00,opti_v1.4_nn,596,593,0.3605450058899397,nn,0.3747097020467626
2025-11-20T10:49:06.175688+00:00,opti_v1.4_nn,597,594,0.3605450058899397,nn,0.37469518765710674
2025-11-20T10:51:30.307419+00:00,opti_v1.4_nn,598,595,0.3605450058899397,nn,0.37468415483756595
2025-11-20T10:54:04.149713+00:00,opti_v1.4_nn,599,596,0.3605450058899397,nn,0.37467336644514654
2025-11-20T10:55:49.335989+00:00,opti_v1.4_nn,600,597,0.3605450058899397,nn,0.374694799740991
2025-11-20T10:58:03.045208+00:00,opti_v1.4_nn,601,598,0.3605450058899397,nn,0.3746821800618973
2025-11-20T11:00:29.669619+00:00,opti_v1.4_nn,602,599,0.3605450058899397,nn,0.37467698988102055
2025-11-20T11:02:26.313297+00:00,opti_v1.4_nn,603,600,0.3605450058899397,nn,0.37466834769567187
2025-11-20T11:04:42.313681+00:00,opti_v1.4_nn,604,601,0.3605450058899397,nn,0.3746572001595518
2025-11-20T11:06:54.191886+00:00,opti_v1.4_nn,605,602,0.3605450058899397,nn,0.3746833418783994
2025-11-20T11:09:22.311756+00:00,opti_v1.4_nn,606,603,0.3605450058899397,nn,0.37469024278045776
2025-11-20T11:11:39.991131+00:00,opti_v1.4_nn,607,604,0.3605450058899397,nn,0.37471305470971467
2025-11-20T11:13:43.819693+00:00,opti_v1.4_nn,608,605,0.3605450058899397,nn,0.37470887583681584
2025-11-20T11:16:23.105275+00:00,opti_v1.4_nn,609,606,0.3605450058899397,nn,0.3747019257801012
2025-11-20T11:20:16.502650+00:00,opti_v1.4_nn,610,607,0.3605450058899397,nn,0.3746961322941699
2025-11-20T11:23:14.375569+00:00,opti_v1.4_nn,611,608,0.3605450058899397,nn,0.37469290034729413
2025-11-20T11:26:08.916751+00:00,opti_v1.4_nn,612,609,0.3605450058899397,nn,0.37468678076212425
2025-11-20T11:28:51.670441+00:00,opti_v1.4_nn,613,610,0.3605450058899397,nn,0.3746827769130347
2025-11-20T11:31:23.353553+00:00,opti_v1.4_nn,614,611,0.3605450058899397,nn,0.3746775099612851
2025-11-20T11:33:55.890575+00:00,opti_v1.4_nn,615,612,0.3605450058899397,nn,0.3746832731004484
2025-11-20T11:36:27.382338+00:00,opti_v1.4_nn,616,613,0.3605450058899397,nn,0.37467528941872696
2025-11-20T11:38:45.974595+00:00,opti_v1.4_nn,617,614,0.3605450058899397,nn,0.3746695907100004
2025-11-20T11:40:53.319254+00:00,opti_v1.4_nn,618,615,0.3605450058899397,nn,0.3746893609641396
2025-11-20T11:43:08.363875+00:00,opti_v1.4_nn,619,616,0.3605450058899397,nn,0.3746841646262963
2025-11-20T11:45:13.461091+00:00,opti_v1.4_nn,620,617,0.3605450058899397,nn,0.3746768830242568
2025-11-20T11:47:27.475289+00:00,opti_v1.4_nn,621,618,0.3605450058899397,nn,0.3746613371779842
2025-11-20T11:49:37.536904+00:00,opti_v1.4_nn,622,619,0.3605450058899397,nn,0.3746790120612276
2025-11-20T11:51:57.883159+00:00,opti_v1.4_nn,623,620,0.3605450058899397,nn,0.37467811375229354
2025-11-20T11:54:09.754650+00:00,opti_v1.4_nn,624,621,0.3605450058899397,nn,0.374676900112855
2025-11-20T11:56:23.644085+00:00,opti_v1.4_nn,625,622,0.3605450058899397,nn,0.37467626499907747
2025-11-20T11:58:35.259090+00:00,opti_v1.4_nn,626,623,0.3605450058899397,nn,0.3746675739825113
2025-11-20T12:00:46.000737+00:00,opti_v1.4_nn,627,624,0.3605450058899397,nn,0.37466154780818106
2025-11-20T12:02:55.800491+00:00,opti_v1.4_nn,628,625,0.3605450058899397,nn,0.3746514675088993
2025-11-20T12:05:27.014285+00:00,opti_v1.4_nn,629,626,0.3605450058899397,nn,0.37463782061775835
2025-11-20T12:08:03.714146+00:00,opti_v1.4_nn,630,627,0.3605450058899397,nn,0.3746596797072604
2025-11-20T12:10:10.142967+00:00,opti_v1.4_nn,631,628,0.3605450058899397,nn,0.3746569863949943
2025-11-20T12:12:30.740649+00:00,opti_v1.4_nn,632,629,0.3605450058899397,nn,0.374647660002301
2025-11-20T12:14:42.743806+00:00,opti_v1.4_nn,633,630,0.3605450058899397,nn,0.3746496425668481
2025-11-20T12:20:08.937085+00:00,opti_v1.4_nn,634,631,0.3605450058899397,nn,0.37463920891510205
2025-11-20T12:23:40.962459+00:00,opti_v1.4_nn,635,632,0.3605450058899397,nn,0.37463163191415283
2025-11-20T12:28:08.089095+00:00,opti_v1.4_nn,636,633,0.3605450058899397,nn,0.37463701858296233
2025-11-20T12:31:05.620983+00:00,opti_v1.4_nn,637,634,0.3605450058899397,nn,0.3746444992598036
2025-11-20T12:33:23.485080+00:00,opti_v1.4_nn,638,635,0.3605450058899397,nn,0.3746490922152656
2025-11-20T12:36:27.611434+00:00,opti_v1.4_nn,639,636,0.3605450058899397,nn,0.3746398342967813
2025-11-20T12:38:52.339090+00:00,opti_v1.4_nn,640,637,0.3605450058899397,nn,0.37463791376388683
2025-11-20T12:41:05.211230+00:00,opti_v1.4_nn,641,638,0.3605450058899397,nn,0.3746403985595641
2025-11-20T12:43:24.195741+00:00,opti_v1.4_nn,642,639,0.3605450058899397,nn,0.3746679860263241
2025-11-20T12:45:22.019024+00:00,opti_v1.4_nn,643,640,0.3605450058899397,nn,0.37473737752524094
2025-11-20T12:47:44.844069+00:00,opti_v1.4_nn,644,641,0.3605450058899397,nn,0.3747300338839915
2025-11-20T12:49:57.640172+00:00,opti_v1.4_nn,645,642,0.3605450058899397,nn,0.37472658950461707
2025-11-20T12:52:03.419385+00:00,opti_v1.4_nn,646,643,0.3605450058899397,nn,0.3747405534921319
2025-11-20T12:54:11.101198+00:00,opti_v1.4_nn,647,644,0.3605450058899397,nn,0.37473363842566904
2025-11-20T12:58:35.067835+00:00,opti_v1.4_nn,648,645,0.3605450058899397,nn,0.3747738807331575
2025-11-20T13:00:47.301896+00:00,opti_v1.4_nn,649,646,0.3605450058899397,nn,0.3747672660011075
2025-11-20T13:03:03.864576+00:00,opti_v1.4_nn,650,647,0.3605450058899397,nn,0.3747579719490963
2025-11-20T13:05:15.827586+00:00,opti_v1.4_nn,651,648,0.3605450058899397,nn,0.3747945490926844
2025-11-20T13:07:33.693874+00:00,opti_v1.4_nn,652,649,0.3605450058899397,nn,0.37478835831876917
2025-11-20T13:09:47.309504+00:00,opti_v1.4_nn,653,650,0.3605450058899397,nn,0.3747813965931795
2025-11-20T13:12:03.768538+00:00,opti_v1.4_nn,654,651,0.3605450058899397,nn,0.37477215035085715
2025-11-20T13:14:28.564709+00:00,opti_v1.4_nn,655,652,0.3605450058899397,nn,0.37476213185543605
2025-11-20T13:16:49.449221+00:00,opti_v1.4_nn,656,653,0.3605450058899397,nn,0.37476153394180944
2025-11-20T13:19:06.347687+00:00,opti_v1.4_nn,657,654,0.3605450058899397,nn,0.3747519908288634
2025-11-20T13:21:33.564208+00:00,opti_v1.4_nn,658,655,0.3605450058899397,nn,0.3747464098695268
2025-11-20T13:23:45.145127+00:00,opti_v1.4_nn,659,656,0.3605450058899397,nn,0.3747366556097095
2025-11-20T13:26:00.119236+00:00,opti_v1.4_nn,660,657,0.3605450058899397,nn,0.37473650152348414
2025-11-20T13:28:17.148377+00:00,opti_v1.4_nn,661,658,0.3605450058899397,nn,0.37472987588427425
2025-11-20T13:36:12.205378+00:00,opti_v1.4_nn,662,659,0.3605450058899397,nn,0.3747197689349538
2025-11-20T13:40:34.268635+00:00,opti_v1.4_nn,663,660,0.3605450058899397,nn,0.37471610099091335
2025-11-20T13:45:01.258658+00:00,opti_v1.4_nn,664,661,0.3605450058899397,nn,0.37470454664917796
2025-11-20T13:48:47.269705+00:00,opti_v1.4_nn,665,662,0.3605450058899397,nn,0.37469622308310574
2025-11-20T13:52:18.802400+00:00,opti_v1.4_nn,666,663,0.3605450058899397,nn,0.37468929756339614
2025-11-20T13:55:21.978045+00:00,opti_v1.4_nn,667,664,0.3605450058899397,nn,0.37468385508144825
2025-11-20T13:58:24.760726+00:00,opti_v1.4_nn,668,665,0.3605450058899397,nn,0.3746728243756254
2025-11-20T14:01:10.540007+00:00,opti_v1.4_nn,669,666,0.3605450058899397,nn,0.3746763086870305
2025-11-20T14:03:39.933530+00:00,opti_v1.4_nn,670,667,0.3605450058899397,nn,0.3747517896100653
2025-11-20T14:06:22.278088+00:00,opti_v1.4_nn,671,668,0.3605450058899397,nn,0.37473969120460343
2025-11-20T14:09:03.263653+00:00,opti_v1.4_nn,672,669,0.3605450058899397,nn,0.3747322280475567
2025-11-20T14:13:42.947960+00:00,opti_v1.4_nn,673,670,0.3605450058899397,nn,0.37477277708686274
2025-11-20T14:16:55.396482+00:00,opti_v1.4_nn,674,671,0.3605450058899397,nn,0.3747892954065039
2025-11-20T14:19:16.271693+00:00,opti_v1.4_nn,675,672,0.3605450058899397,nn,0.3747833927343945
2025-11-20T14:21:53.192712+00:00,opti_v1.4_nn,676,673,0.3605450058899397,nn,0.3747821287073205
2025-11-20T14:23:51.426061+00:00,opti_v1.4_nn,677,674,0.3605450058899397,nn,0.37478416145391424
2025-11-20T14:25:56.682600+00:00,opti_v1.4_nn,678,675,0.3605450058899397,nn,0.37478552919124386
2025-11-20T14:28:19.836555+00:00,opti_v1.4_nn,679,676,0.3605450058899397,nn,0.37478664601551015
2025-11-20T14:30:46.257892+00:00,opti_v1.4_nn,680,677,0.3605450058899397,nn,0.3747785722492819
2025-11-20T14:33:11.787597+00:00,opti_v1.4_nn,681,678,0.3605450058899397,nn,0.3747687318763064
2025-11-20T14:35:19.871034+00:00,opti_v1.4_nn,682,679,0.3605450058899397,nn,0.3747607004689328
2025-11-20T14:37:48.068449+00:00,opti_v1.4_nn,683,680,0.3605450058899397,nn,0.374749879558703
2025-11-20T14:40:07.835584+00:00,opti_v1.4_nn,684,681,0.3605450058899397,nn,0.37474347422995086
2025-11-20T14:42:47.759781+00:00,opti_v1.4_nn,685,682,0.3605450058899397,nn,0.37473860521027413
2025-11-20T14:46:16.405355+00:00,opti_v1.4_nn,686,683,0.3605450058899397,nn,0.37479287914705933
2025-11-20T14:48:31.342526+00:00,opti_v1.4_nn,687,684,0.3605450058899397,nn,0.3747857870436437
2025-11-20T14:50:36.696755+00:00,opti_v1.4_nn,688,685,0.3605450058899397,nn,0.37477581844885527
2025-11-20T14:53:00.219407+00:00,opti_v1.4_nn,689,686,0.3605450058899397,nn,0.3747694458605215
2025-11-20T14:55:03.748385+00:00,opti_v1.4_nn,690,687,0.3605450058899397,nn,0.374765143255175
2025-11-20T14:57:33.377162+00:00,opti_v1.4_nn,691,688,0.3605450058899397,nn,0.374754989579884
2025-11-20T15:00:05.093620+00:00,opti_v1.4_nn,692,689,0.3605450058899397,nn,0.3747472474813593
2025-11-20T15:02:23.914762+00:00,opti_v1.4_nn,693,690,0.3605450058899397,nn,0.37481435374102445
2025-11-20T15:12:08.321033+00:00,opti_v1.4_nn,694,691,0.3605450058899397,nn,0.37480639479570166
2025-11-20T15:17:02.730817+00:00,opti_v1.4_nn,695,692,0.3605450058899397,nn,0.37482260248531
2025-11-20T15:21:13.216453+00:00,opti_v1.4_nn,696,693,0.3605450058899397,nn,0.37481281241688186
2025-11-20T15:25:32.493529+00:00,opti_v1.4_nn,697,694,0.3605450058899397,nn,0.3748097316552131
2025-11-20T15:29:06.939346+00:00,opti_v1.4_nn,698,695,0.3605450058899397,nn,0.3748096168442999
2025-11-20T15:33:22.767577+00:00,opti_v1.4_nn,699,696,0.3605450058899397,nn,0.374806496713296
2025-11-20T15:36:35.109763+00:00,opti_v1.4_nn,700,697,0.3605450058899397,nn,0.3748183685837125
2025-11-20T15:40:17.246974+00:00,opti_v1.4_nn,701,698,0.3605450058899397,nn,0.3748339305684656
2025-11-20T15:43:28.476887+00:00,opti_v1.4_nn,702,699,0.3605450058899397,nn,0.3748252071461938
2025-11-20T15:46:22.342355+00:00,opti_v1.4_nn,703,700,0.3605450058899397,nn,0.37482776085242026
2025-11-20T15:49:21.775051+00:00,opti_v1.4_nn,704,701,0.3605450058899397,nn,0.37481533698360203
2025-11-20T15:52:03.500245+00:00,opti_v1.4_nn,705,702,0.3605450058899397,nn,0.3748049311427304
2025-11-20T15:54:35.411911+00:00,opti_v1.4_nn,706,703,0.3605450058899397,nn,0.3747977816348391
2025-11-20T15:56:56.677489+00:00,opti_v1.4_nn,707,704,0.3605450058899397,nn,0.37479559455389067
2025-11-20T15:59:07.486447+00:00,opti_v1.4_nn,708,705,0.3605450058899397,nn,0.3747905096236531
2025-11-20T16:02:22.157511+00:00,opti_v1.4_nn,709,706,0.3605450058899397,nn,0.37478362817337985
2025-11-20T16:04:58.160903+00:00,opti_v1.4_nn,710,707,0.3605450058899397,nn,0.3747745964487046
2025-11-20T16:07:19.410281+00:00,opti_v1.4_nn,711,708,0.3605450058899397,nn,0.3747754350835492
2025-11-20T16:09:37.368645+00:00,opti_v1.4_nn,712,709,0.3605450058899397,nn,0.37477013416447613
2025-11-20T16:11:57.754428+00:00,opti_v1.4_nn,713,710,0.3605450058899397,nn,0.37476321855071554
2025-11-20T16:14:28.148990+00:00,opti_v1.4_nn,714,711,0.3605450058899397,nn,0.3747591629082478
2025-11-20T16:17:02.576507+00:00,opti_v1.4_nn,715,712,0.3605450058899397,nn,0.37475185419366
2025-11-20T16:19:17.141488+00:00,opti_v1.4_nn,716,713,0.3605450058899397,nn,0.37478072558789144
2025-11-20T16:21:50.580148+00:00,opti_v1.4_nn,717,714,0.3605450058899397,nn,0.3747770727198563
2025-11-20T16:24:26.408033+00:00,opti_v1.4_nn,718,715,0.3605450058899397,nn,0.37478244791894505
2025-11-20T16:26:28.534977+00:00,opti_v1.4_nn,719,716,0.3605450058899397,nn,0.37481127375889545
2025-11-20T16:28:57.890369+00:00,opti_v1.4_nn,720,717,0.3605450058899397,nn,0.374816252792455
2025-11-20T16:31:07.406475+00:00,opti_v1.4_nn,721,718,0.3605450058899397,nn,0.37482383910626726
2025-11-20T16:33:17.113670+00:00,opti_v1.4_nn,722,719,0.3605450058899397,nn,0.37481240012459
2025-11-20T16:35:25.953315+00:00,opti_v1.4_nn,723,720,0.3605450058899397,nn,0.3748025713332006
2025-11-20T16:37:48.392588+00:00,opti_v1.4_nn,724,721,0.3605450058899397,nn,0.37479667341420264
2025-11-20T16:39:41.801665+00:00,opti_v1.4_nn,725,722,0.3605450058899397,nn,0.37478977607757585
2025-11-20T16:41:44.986210+00:00,opti_v1.4_nn,726,723,0.3605450058899397,nn,0.3747834763189302
2025-11-20T16:44:12.981068+00:00,opti_v1.4_nn,727,724,0.3605450058899397,nn,0.3747713852406336
2025-11-20T16:46:25.124807+00:00,opti_v1.4_nn,728,725,0.3605450058899397,nn,0.37476865443194507
2025-11-20T16:48:32.851570+00:00,opti_v1.4_nn,729,726,0.3605450058899397,nn,0.37476448463032674
2025-11-20T16:50:58.248239+00:00,opti_v1.4_nn,730,727,0.3605450058899397,nn,0.37475767398326876
2025-11-20T17:03:54.721684+00:00,opti_v1.4_nn,731,728,0.3605450058899397,nn,0.37475681676293254
2025-11-20T17:10:12.384393+00:00,opti_v1.4_nn,732,729,0.3605450058899397,nn,0.3747497050588133
2025-11-20T17:16:13.268863+00:00,opti_v1.4_nn,733,730,0.3605450058899397,nn,0.3747433116371496
2025-11-20T17:21:08.420868+00:00,opti_v1.4_nn,734,731,0.3605450058899397,nn,0.37473439354063187
2025-11-20T17:25:43.390036+00:00,opti_v1.4_nn,735,732,0.3605450058899397,nn,0.3747366029350811
2025-11-20T17:29:59.148412+00:00,opti_v1.4_nn,736,733,0.3605450058899397,nn,0.37473655696885244
2025-11-20T17:34:30.845360+00:00,opti_v1.4_nn,737,734,0.3605450058899397,nn,0.3747313957928548
2025-11-20T17:38:01.040572+00:00,opti_v1.4_nn,738,735,0.3605450058899397,nn,0.3747284714414975
2025-11-20T17:42:37.994733+00:00,opti_v1.4_nn,739,736,0.3605450058899397,nn,0.3747815062308029
2025-11-20T17:46:13.894386+00:00,opti_v1.4_nn,740,737,0.3605450058899397,nn,0.37477743004192254
2025-11-20T17:49:06.900940+00:00,opti_v1.4_nn,741,738,0.3605450058899397,nn,0.37477876147941114
2025-11-20T17:51:40.055397+00:00,opti_v1.4_nn,742,739,0.3605450058899397,nn,0.374778513100515
2025-11-20T17:54:06.535991+00:00,opti_v1.4_nn,743,740,0.3605450058899397,nn,0.3748032178907483
2025-11-20T17:56:34.323114+00:00,opti_v1.4_nn,744,741,0.3605450058899397,nn,0.37480003543728796
2025-11-20T17:58:54.196692+00:00,opti_v1.4_nn,745,742,0.3605450058899397,nn,0.3747940617284059
2025-11-20T18:01:30.959517+00:00,opti_v1.4_nn,746,743,0.3605450058899397,nn,0.37478428329202124
2025-11-20T18:04:01.579459+00:00,opti_v1.4_nn,747,744,0.3605450058899397,nn,0.3747771732577816
2025-11-20T18:06:13.902552+00:00,opti_v1.4_nn,748,745,0.3605450058899397,nn,0.37477069937469587
2025-11-20T18:08:17.108524+00:00,opti_v1.4_nn,749,746,0.3605450058899397,nn,0.3747632477003046
2025-11-20T18:10:56.062700+00:00,opti_v1.4_nn,750,747,0.3605450058899397,nn,0.37475891507263553
2025-11-20T18:13:01.791644+00:00,opti_v1.4_nn,751,748,0.3605450058899397,nn,0.37475587194079685
2025-11-20T18:15:10.175873+00:00,opti_v1.4_nn,752,749,0.3605450058899397,nn,0.3747509025487116
2025-11-20T18:17:21.194175+00:00,opti_v1.4_nn,753,750,0.3605450058899397,nn,0.3747446318668701
2025-11-20T18:19:33.909297+00:00,opti_v1.4_nn,754,751,0.3605450058899397,nn,0.3747373135971801
2025-11-20T18:21:47.523470+00:00,opti_v1.4_nn,755,752,0.3605450058899397,nn,0.3747312943063129
2025-11-20T18:23:39.623524+00:00,opti_v1.4_nn,756,753,0.3605450058899397,nn,0.3747442137485822
2025-11-20T18:26:09.074613+00:00,opti_v1.4_nn,757,754,0.3605450058899397,nn,0.374744462618241
2025-11-20T18:28:04.135769+00:00,opti_v1.4_nn,758,755,0.3605450058899397,nn,0.37474899449600263
2025-11-20T18:30:26.599879+00:00,opti_v1.4_nn,759,756,0.3605450058899397,nn,0.3747450791550723
2025-11-20T18:33:06.173740+00:00,opti_v1.4_nn,760,757,0.3605450058899397,nn,0.3747364151965637
2025-11-20T18:35:26.318861+00:00,opti_v1.4_nn,761,758,0.3605450058899397,nn,0.3747288711924476
2025-11-20T18:38:00.571600+00:00,opti_v1.4_nn,762,759,0.3605450058899397,nn,0.3747285733240331
2025-11-20T18:40:18.366372+00:00,opti_v1.4_nn,763,760,0.3605450058899397,nn,0.3747296556891227
2025-11-20T18:42:37.057571+00:00,opti_v1.4_nn,764,761,0.3605450058899397,nn,0.37471975641208966
2025-11-20T18:45:10.026564+00:00,opti_v1.4_nn,765,762,0.3605450058899397,nn,0.37472249018208564
2025-11-20T18:47:01.756787+00:00,opti_v1.4_nn,766,763,0.3605450058899397,nn,0.3747177272820278
2025-11-20T18:49:12.097567+00:00,opti_v1.4_nn,767,764,0.3605450058899397,nn,0.37471782641245893
2025-11-20T18:51:29.453100+00:00,opti_v1.4_nn,768,765,0.3605450058899397,nn,0.3747098706736296
2025-11-20T18:53:48.855741+00:00,opti_v1.4_nn,769,766,0.3605450058899397,nn,0.3747024381030694
2025-11-20T18:57:52.169063+00:00,opti_v1.4_nn,770,767,0.3605450058899397,nn,0.3747863001078925
2025-11-20T19:02:08.717510+00:00,opti_v1.4_nn,771,768,0.3605450058899397,nn,0.3747833271748717
2025-11-20T19:04:28.279783+00:00,opti_v1.4_nn,772,769,0.3605450058899397,nn,0.3747801622347846
2025-11-20T19:07:26.856441+00:00,opti_v1.4_nn,773,770,0.3605450058899397,nn,0.3747776485205911
2025-11-20T19:20:43.540435+00:00,opti_v1.4_nn,774,771,0.3605450058899397,nn,0.3747677752129511
2025-11-20T19:27:22.210120+00:00,opti_v1.4_nn,775,772,0.3605450058899397,nn,0.37476095851945324
2025-11-20T19:33:27.652073+00:00,opti_v1.4_nn,776,773,0.3605450058899397,nn,0.3747513498678861
2025-11-20T19:39:02.992782+00:00,opti_v1.4_nn,777,774,0.3605450058899397,nn,0.37475016632528263
2025-11-20T19:44:57.357020+00:00,opti_v1.4_nn,778,775,0.3605450058899397,nn,0.37474256161173525
2025-11-20T19:50:15.724498+00:00,opti_v1.4_nn,779,776,0.3605450058899397,nn,0.3747355472052272
2025-11-20T19:54:23.120106+00:00,opti_v1.4_nn,780,777,0.3605450058899397,nn,0.37472815308466595
2025-11-20T19:58:07.950277+00:00,opti_v1.4_nn,781,778,0.3605450058899397,nn,0.37471819566114084
2025-11-20T20:01:41.111446+00:00,opti_v1.4_nn,782,779,0.3605450058899397,nn,0.3747103690826212
2025-11-20T20:05:13.183156+00:00,opti_v1.4_nn,783,780,0.3605450058899397,nn,0.3746989817256057
2025-11-20T20:08:47.983735+00:00,opti_v1.4_nn,784,781,0.3605450058899397,nn,0.37469119755559416
2025-11-20T20:12:57.378203+00:00,opti_v1.4_nn,785,782,0.3605450058899397,nn,0.37469719151220376
2025-11-20T20:16:17.477188+00:00,opti_v1.4_nn,786,783,0.3605450058899397,nn,0.3746926162940833
2025-11-20T20:20:12.825957+00:00,opti_v1.4_nn,787,784,0.3605450058899397,nn,0.37478496514136406
2025-11-20T20:23:08.680822+00:00,opti_v1.4_nn,788,785,0.3605450058899397,nn,0.37478000146291374
2025-11-20T20:25:42.502002+00:00,opti_v1.4_nn,789,786,0.3605450058899397,nn,0.3747744882380199
2025-11-20T20:28:25.772343+00:00,opti_v1.4_nn,790,787,0.3605450058899397,nn,0.3747685303025456
2025-11-20T20:30:57.672978+00:00,opti_v1.4_nn,791,788,0.3605450058899397,nn,0.3747623561950524
2025-11-20T20:33:04.827574+00:00,opti_v1.4_nn,792,789,0.3605450058899397,nn,0.3747658772274152
2025-11-20T20:35:24.853207+00:00,opti_v1.4_nn,793,790,0.3605450058899397,nn,0.37475963000649226
2025-11-20T20:37:33.386790+00:00,opti_v1.4_nn,794,791,0.3605450058899397,nn,0.3747537421002369
2025-11-20T20:39:58.823938+00:00,opti_v1.4_nn,795,792,0.3605450058899397,nn,0.3747477761538456
2025-11-20T20:42:18.395691+00:00,opti_v1.4_nn,796,793,0.3605450058899397,nn,0.37475645959017606
2025-11-20T20:44:20.115865+00:00,opti_v1.4_nn,797,794,0.3605450058899397,nn,0.3747578625106143
2025-11-20T20:46:38.801602+00:00,opti_v1.4_nn,798,795,0.3605450058899397,nn,0.3747530101444657
2025-11-20T20:49:06.267027+00:00,opti_v1.4_nn,799,796,0.3605450058899397,nn,0.37474723672980437
2025-11-20T20:51:26.148223+00:00,opti_v1.4_nn,800,797,0.3605450058899397,nn,0.3747396179510798
2025-11-20T20:53:48.894644+00:00,opti_v1.4_nn,801,798,0.3605450058899397,nn,0.37473272593629203
2025-11-20T20:56:28.215209+00:00,opti_v1.4_nn,802,799,0.3605450058899397,nn,0.3747287435231705
2025-11-20T20:58:39.399579+00:00,opti_v1.4_nn,803,800,0.3605450058899397,nn,0.37472830953471986
2025-11-20T21:01:14.504172+00:00,opti_v1.4_nn,804,801,0.3605450058899397,nn,0.3747235775182303
2025-11-20T21:03:27.440889+00:00,opti_v1.4_nn,805,802,0.3605450058899397,nn,0.37472402799800225
2025-11-20T21:05:33.674162+00:00,opti_v1.4_nn,806,803,0.3605450058899397,nn,0.37478966478670483
2025-11-20T21:08:33.860459+00:00,opti_v1.4_nn,807,804,0.3605450058899397,nn,0.37478402592711235
2025-11-20T21:10:51.512399+00:00,opti_v1.4_nn,808,805,0.3605450058899397,nn,0.3747772952379843
2025-11-20T21:13:12.615028+00:00,opti_v1.4_nn,809,806,0.3605450058899397,nn,0.37477479853237805
2025-11-20T21:15:17.277224+00:00,opti_v1.4_nn,810,807,0.3605450058899397,nn,0.37477259999503454
2025-11-20T21:17:45.941526+00:00,opti_v1.4_nn,811,808,0.3605450058899397,nn,0.37478222242352127
2025-11-20T21:20:12.343242+00:00,opti_v1.4_nn,812,809,0.3605450058899397,nn,0.3747735931198997
2025-11-20T21:22:17.877545+00:00,opti_v1.4_nn,813,810,0.3605450058899397,nn,0.3747665762445304
2025-11-20T21:24:34.173766+00:00,opti_v1.4_nn,814,811,0.3605450058899397,nn,0.374757672031682
2025-11-20T21:27:04.456230+00:00,opti_v1.4_nn,815,812,0.3605450058899397,nn,0.3747502356845633
2025-11-20T21:29:20.734470+00:00,opti_v1.4_nn,816,813,0.3605450058899397,nn,0.374743155206282
2025-11-20T21:31:36.839198+00:00,opti_v1.4_nn,817,814,0.3605450058899397,nn,0.3747487004410267
2025-11-20T21:34:07.900724+00:00,opti_v1.4_nn,818,815,0.3605450058899397,nn,0.3747444354332869
2025-11-20T21:36:13.116966+00:00,opti_v1.4_nn,819,816,0.3605450058899397,nn,0.37474010431712007
2025-11-20T21:38:44.865086+00:00,opti_v1.4_nn,820,817,0.3605450058899397,nn,0.3747434719656974
2025-11-20T21:41:04.519367+00:00,opti_v1.4_nn,821,818,0.3605450058899397,nn,0.37473568415752034
2025-11-20T21:43:41.779432+00:00,opti_v1.4_nn,822,819,0.3605450058899397,nn,0.37473004402782095
2025-11-20T21:47:04.078317+00:00,opti_v1.4_nn,823,820,0.3605450058899397,nn,0.37474706147032855
2025-11-20T22:09:16.732894+00:00,opti_v1.4_nn,824,821,0.3605450058899397,nn,0.3747419656436776
2025-11-20T22:18:32.878528+00:00,opti_v1.4_nn,825,822,0.3605450058899397,nn,0.3747729766960295
2025-11-20T22:25:24.595024+00:00,opti_v1.4_nn,826,823,0.3605450058899397,nn,0.37476892888414365
2025-11-20T22:35:34.677377+00:00,opti_v1.4_nn,827,824,0.3605450058899397,nn,0.3747801427169662
2025-11-20T22:42:13.266273+00:00,opti_v1.4_nn,828,825,0.3605450058899397,nn,0.37477282036125853
2025-11-20T22:48:37.874344+00:00,opti_v1.4_nn,829,826,0.3605450058899397,nn,0.37476523741525103
2025-11-20T22:54:07.868012+00:00,opti_v1.4_nn,830,827,0.3605450058899397,nn,0.3747623659025381
2025-11-20T22:59:42.225691+00:00,opti_v1.4_nn,831,828,0.3605450058899397,nn,0.37476334880841383
2025-11-20T23:05:38.668254+00:00,opti_v1.4_nn,832,829,0.3605450058899397,nn,0.3747538830382635
2025-11-20T23:10:37.023275+00:00,opti_v1.4_nn,833,830,0.3605450058899397,nn,0.3747451027148623
2025-11-20T23:14:56.242584+00:00,opti_v1.4_nn,834,831,0.3605450058899397,nn,0.37473735787842877
2025-11-20T23:18:56.405118+00:00,opti_v1.4_nn,835,832,0.3605450058899397,nn,0.37473236568596324
2025-11-20T23:22:24.807361+00:00,opti_v1.4_nn,836,833,0.3605450058899397,nn,0.3747286987833944
2025-11-20T23:25:38.425283+00:00,opti_v1.4_nn,837,834,0.3605450058899397,nn,0.3747766177120153
2025-11-20T23:29:26.153596+00:00,opti_v1.4_nn,838,835,0.3605450058899397,nn,0.37476583304015926
2025-11-20T23:32:26.358662+00:00,opti_v1.4_nn,839,836,0.3605450058899397,nn,0.3747579726354314
2025-11-20T23:35:37.694883+00:00,opti_v1.4_nn,840,837,0.3605450058899397,nn,0.37474938720458006
2025-11-20T23:38:58.898367+00:00,opti_v1.4_nn,841,838,0.3605450058899397,nn,0.3747456626008184
2025-11-20T23:41:45.460234+00:00,opti_v1.4_nn,842,839,0.3605450058899397,nn,0.37474841059343855
2025-11-20T23:44:23.156170+00:00,opti_v1.4_nn,843,840,0.3605450058899397,nn,0.3747426930149846
2025-11-20T23:47:03.428393+00:00,opti_v1.4_nn,844,841,0.3605450058899397,nn,0.37473640909607364
2025-11-20T23:49:49.500729+00:00,opti_v1.4_nn,845,842,0.3605450058899397,nn,0.3747379462039525
2025-11-20T23:52:24.514895+00:00,opti_v1.4_nn,846,843,0.3605450058899397,nn,0.37472925221145137
2025-11-20T23:55:05.298981+00:00,opti_v1.4_nn,847,844,0.3605450058899397,nn,0.3747258809690191
2025-11-20T23:57:38.784486+00:00,opti_v1.4_nn,848,845,0.3605450058899397,nn,0.37472989102571574
2025-11-21T00:00:07.415067+00:00,opti_v1.4_nn,849,846,0.3605450058899397,nn,0.3747275360605261
2025-11-21T00:02:41.604054+00:00,opti_v1.4_nn,850,847,0.3605450058899397,nn,0.3747173726844073
2025-11-21T00:05:24.642088+00:00,opti_v1.4_nn,851,848,0.3605450058899397,nn,0.374714314864914
2025-11-21T00:07:52.303398+00:00,opti_v1.4_nn,852,849,0.3605450058899397,nn,0.374708486696448
2025-11-21T00:10:05.266267+00:00,opti_v1.4_nn,853,850,0.3605450058899397,nn,0.37471150372656303
2025-11-21T00:12:59.141792+00:00,opti_v1.4_nn,854,851,0.3605450058899397,nn,0.37470411792363356
2025-11-21T00:15:32.348848+00:00,opti_v1.4_nn,855,852,0.3605450058899397,nn,0.37469755199855376
2025-11-21T00:18:28.170502+00:00,opti_v1.4_nn,856,853,0.3605450058899397,nn,0.3746894878570379
2025-11-21T00:21:10.498990+00:00,opti_v1.4_nn,857,854,0.3605450058899397,nn,0.3746864532343048
2025-11-21T00:24:35.609609+00:00,opti_v1.4_nn,858,855,0.3605450058899397,nn,0.3746798163993908
2025-11-21T00:27:18.786067+00:00,opti_v1.4_nn,859,856,0.3605450058899397,nn,0.3746709574683428
2025-11-21T00:29:53.402310+00:00,opti_v1.4_nn,860,857,0.3605450058899397,nn,0.3747098339959155
2025-11-21T00:32:21.463634+00:00,opti_v1.4_nn,861,858,0.3605450058899397,nn,0.37470210395292686
2025-11-21T00:35:04.522130+00:00,opti_v1.4_nn,862,859,0.3605450058899397,nn,0.37469649020032036
2025-11-21T00:37:48.592367+00:00,opti_v1.4_nn,863,860,0.3605450058899397,nn,0.3746998896715571
2025-11-21T00:40:25.598652+00:00,opti_v1.4_nn,864,861,0.3605450058899397,nn,0.37469551281150654
2025-11-21T00:43:09.471864+00:00,opti_v1.4_nn,865,862,0.3605450058899397,nn,0.37469747222203187
2025-11-21T00:45:43.576625+00:00,opti_v1.4_nn,866,863,0.3605450058899397,nn,0.37469291839435936
2025-11-21T00:48:46.235632+00:00,opti_v1.4_nn,867,864,0.3605450058899397,nn,0.3746880079150572
