trial_number,state,value,params,datetime_complete
0,COMPLETE,0.3801060525773827,"{""c_iterations"": 1436, ""c_depth"": 10, ""c_lr"": 0.026081583694317685, ""c_l2"": 0.015509913987594319}",2025-12-08T00:50:06.555421+00:00
1,COMPLETE,0.39749077582465336,"{""c_iterations"": 890, ""c_depth"": 5, ""c_lr"": 0.00015550191654264885, ""c_l2"": 1.156732719914599}",2025-12-08T00:50:20.968866+00:00
2,COMPLETE,0.3970358694363923,"{""c_iterations"": 2003, ""c_depth"": 8, ""c_lr"": 0.00011693648443440106, ""c_l2"": 6.156997328235206}",2025-12-08T00:51:02.436883+00:00
3,COMPLETE,0.385532328768504,"{""c_iterations"": 2581, ""c_depth"": 5, ""c_lr"": 0.00039829941698924106, ""c_l2"": 1.922346047064365e-05}",2025-12-08T00:51:35.204507+00:00
4,COMPLETE,0.380050400449044,"{""c_iterations"": 1260, ""c_depth"": 7, ""c_lr"": 0.002666020367873238, ""c_l2"": 0.00010929592787219404}",2025-12-08T00:51:55.946964+00:00
5,COMPLETE,0.38185727718488655,"{""c_iterations"": 2030, ""c_depth"": 4, ""c_lr"": 0.0009212515846231674, ""c_l2"": 0.0003668874895499185}",2025-12-08T00:52:17.974760+00:00
6,COMPLETE,0.38831885866609256,"{""c_iterations"": 1640, ""c_depth"": 9, ""c_lr"": 0.0004561725458211574, ""c_l2"": 0.003977782830811193}",2025-12-08T00:52:51.706533+00:00
7,COMPLETE,0.37771198606993484,"{""c_iterations"": 1981, ""c_depth"": 4, ""c_lr"": 0.010128002032729377, ""c_l2"": 1.5619562520792747e-05}",2025-12-08T00:53:02.328418+00:00
8,COMPLETE,0.3815124838777077,"{""c_iterations"": 662, ""c_depth"": 10, ""c_lr"": 0.15402113021890798, ""c_l2"": 0.45580746840273345}",2025-12-08T00:53:10.080680+00:00
9,COMPLETE,0.37793265115879876,"{""c_iterations"": 1261, ""c_depth"": 4, ""c_lr"": 0.01814152303366679, ""c_l2"": 0.0012052231254145623}",2025-12-08T00:53:18.379136+00:00
10,COMPLETE,0.37876922753891956,"{""c_iterations"": 2882, ""c_depth"": 6, ""c_lr"": 0.008180932118577131, ""c_l2"": 1.3357744409416468e-06}",2025-12-08T00:53:39.912951+00:00
11,COMPLETE,0.3784231106416447,"{""c_iterations"": 2288, ""c_depth"": 4, ""c_lr"": 0.02837709016938944, ""c_l2"": 1.1925215048990455e-06}",2025-12-08T00:53:48.633197+00:00
12,COMPLETE,0.37915278959004944,"{""c_iterations"": 1056, ""c_depth"": 6, ""c_lr"": 0.012477807664548072, ""c_l2"": 0.020998163401584707}",2025-12-08T00:54:00.413142+00:00
13,COMPLETE,0.3805540878830318,"{""c_iterations"": 1752, ""c_depth"": 4, ""c_lr"": 0.11439368497889899, ""c_l2"": 2.7553884850182135e-05}",2025-12-08T00:54:04.680453+00:00
14,COMPLETE,0.3794521503872196,"{""c_iterations"": 1439, ""c_depth"": 5, ""c_lr"": 0.00294742336509338, ""c_l2"": 0.0006684004167057145}",2025-12-08T00:54:21.024437+00:00
15,COMPLETE,0.3800547842401007,"{""c_iterations"": 2297, ""c_depth"": 6, ""c_lr"": 0.03711358862086077, ""c_l2"": 9.512328074846832e-06}",2025-12-08T00:54:30.775749+00:00
16,COMPLETE,0.37955613939788907,"{""c_iterations"": 619, ""c_depth"": 7, ""c_lr"": 0.007318746177604075, ""c_l2"": 0.0017734195965746072}",2025-12-08T00:54:42.089882+00:00
17,COMPLETE,0.37948689551207787,"{""c_iterations"": 1786, ""c_depth"": 4, ""c_lr"": 0.07099104196990946, ""c_l2"": 0.04524985186480738}",2025-12-08T00:54:47.355237+00:00
18,COMPLETE,0.38180150992877565,"{""c_iterations"": 1111, ""c_depth"": 5, ""c_lr"": 0.0016480549444264439, ""c_l2"": 0.00014799961639661247}",2025-12-08T00:55:02.508243+00:00
19,COMPLETE,0.37906476869501393,"{""c_iterations"": 2325, ""c_depth"": 7, ""c_lr"": 0.010968046581858105, ""c_l2"": 0.14678727050247864}",2025-12-08T00:55:21.827992+00:00
20,COMPLETE,0.37844775805950187,"{""c_iterations"": 1973, ""c_depth"": 8, ""c_lr"": 0.05068148120538303, ""c_l2"": 6.035185630151455e-06}",2025-12-08T00:55:34.532983+00:00
21,COMPLETE,0.37832534646769383,"{""c_iterations"": 2353, ""c_depth"": 4, ""c_lr"": 0.025272497981779614, ""c_l2"": 1.0551301649936448e-06}",2025-12-08T00:55:43.129940+00:00
22,COMPLETE,0.3781023730395893,"{""c_iterations"": 2607, ""c_depth"": 4, ""c_lr"": 0.019742736210679603, ""c_l2"": 5.179746306384853e-06}",2025-12-08T00:55:53.791468+00:00
23,COMPLETE,0.37848237156004455,"{""c_iterations"": 2989, ""c_depth"": 5, ""c_lr"": 0.01594887653060677, ""c_l2"": 5.330579239976576e-05}",2025-12-08T00:56:10.723745+00:00
24,COMPLETE,0.3780410069185728,"{""c_iterations"": 2729, ""c_depth"": 4, ""c_lr"": 0.005925540452800281, ""c_l2"": 5.2343104731105e-06}",2025-12-08T00:56:25.932667+00:00
25,COMPLETE,0.37849634654122577,"{""c_iterations"": 2740, ""c_depth"": 5, ""c_lr"": 0.004166347008908562, ""c_l2"": 0.004467062945030561}",2025-12-08T00:56:44.951974+00:00
26,COMPLETE,0.37930342758666424,"{""c_iterations"": 1468, ""c_depth"": 6, ""c_lr"": 0.005514368639631513, ""c_l2"": 0.00040157708121426895}",2025-12-08T00:57:02.198186+00:00
27,COMPLETE,0.38453800640565466,"{""c_iterations"": 945, ""c_depth"": 4, ""c_lr"": 0.0013643231255737068, ""c_l2"": 5.88650928642249e-05}",2025-12-08T00:57:13.990979+00:00
28,COMPLETE,0.3772809264957055,"{""c_iterations"": 1234, ""c_depth"": 5, ""c_lr"": 0.0691665860127059, ""c_l2"": 4.008918694529803e-06}",2025-12-08T00:57:20.064715+00:00
29,COMPLETE,0.37805381509271674,"{""c_iterations"": 1356, ""c_depth"": 5, ""c_lr"": 0.0881674501274601, ""c_l2"": 0.0015837386283117736}",2025-12-08T00:57:25.326391+00:00
30,COMPLETE,0.3801644035048884,"{""c_iterations"": 1608, ""c_depth"": 6, ""c_lr"": 0.18196491400050635, ""c_l2"": 0.01169785596543553}",2025-12-08T00:57:30.116158+00:00
31,COMPLETE,0.3796125908196382,"{""c_iterations"": 1252, ""c_depth"": 4, ""c_lr"": 0.050046999807837854, ""c_l2"": 3.179649102113304e-06}",2025-12-08T00:57:36.252918+00:00
32,COMPLETE,0.3789795190368618,"{""c_iterations"": 875, ""c_depth"": 5, ""c_lr"": 0.009588085793253204, ""c_l2"": 1.7640165013357474e-05}",2025-12-08T00:57:45.655230+00:00
33,COMPLETE,0.3789808267380269,"{""c_iterations"": 826, ""c_depth"": 4, ""c_lr"": 0.004853929274174088, ""c_l2"": 3.1570055348503753e-06}",2025-12-08T00:57:54.615367+00:00
34,COMPLETE,0.37881270736421846,"{""c_iterations"": 2131, ""c_depth"": 5, ""c_lr"": 0.017764389162151697, ""c_l2"": 1.270137017512018e-05}",2025-12-08T00:58:05.222400+00:00
35,COMPLETE,0.3781511069559929,"{""c_iterations"": 1173, ""c_depth"": 4, ""c_lr"": 0.038201459598941334, ""c_l2"": 6.5163437660127}",2025-12-08T00:58:12.957832+00:00
36,COMPLETE,0.37890099511762726,"{""c_iterations"": 2512, ""c_depth"": 5, ""c_lr"": 0.002848937029029185, ""c_l2"": 9.561615876455166e-05}",2025-12-08T00:58:34.076037+00:00
37,COMPLETE,0.3776676554494756,"{""c_iterations"": 1879, ""c_depth"": 4, ""c_lr"": 0.006609817066839951, ""c_l2"": 2.590119626739622e-05}",2025-12-08T00:58:47.460393+00:00
38,COMPLETE,0.3782094064823126,"{""c_iterations"": 1868, ""c_depth"": 9, ""c_lr"": 0.06839939658216097, ""c_l2"": 0.0004453637147203147}",2025-12-08T00:58:58.079638+00:00
39,COMPLETE,0.39003670375929117,"{""c_iterations"": 1590, ""c_depth"": 5, ""c_lr"": 0.00034874125539477923, ""c_l2"": 3.341625147385194e-05}",2025-12-08T00:59:20.090218+00:00
40,COMPLETE,0.3779928325087213,"{""c_iterations"": 2151, ""c_depth"": 4, ""c_lr"": 0.013639080479092765, ""c_l2"": 0.00016241980230657417}",2025-12-08T00:59:30.619579+00:00
41,COMPLETE,0.378183633763852,"{""c_iterations"": 2146, ""c_depth"": 4, ""c_lr"": 0.014878314636318887, ""c_l2"": 0.00014070409504629284}",2025-12-08T00:59:40.899185+00:00
42,COMPLETE,0.37854892179745514,"{""c_iterations"": 1903, ""c_depth"": 4, ""c_lr"": 0.0225332125901136, ""c_l2"": 0.00021932622526428088}",2025-12-08T00:59:49.880520+00:00
43,COMPLETE,0.3780683189170239,"{""c_iterations"": 1692, ""c_depth"": 4, ""c_lr"": 0.010399260093383612, ""c_l2"": 0.0011447406150438843}",2025-12-08T01:00:00.314146+00:00
44,COMPLETE,0.3783224662766563,"{""c_iterations"": 2104, ""c_depth"": 5, ""c_lr"": 0.003981772070646479, ""c_l2"": 4.78203309570077e-05}",2025-12-08T01:00:20.366812+00:00
45,COMPLETE,0.3785636976103468,"{""c_iterations"": 510, ""c_depth"": 4, ""c_lr"": 0.028015113297558226, ""c_l2"": 0.00022284937976742652}",2025-12-08T01:00:25.376621+00:00
46,COMPLETE,0.3779649948285236,"{""c_iterations"": 1484, ""c_depth"": 4, ""c_lr"": 0.0073164886016531825, ""c_l2"": 2.1881039708903867e-06}",2025-12-08T01:00:37.075805+00:00
47,COMPLETE,0.38091340255040934,"{""c_iterations"": 1348, ""c_depth"": 6, ""c_lr"": 0.0018865936064334928, ""c_l2"": 1.6950364993549007e-06}",2025-12-08T01:00:57.664703+00:00
48,COMPLETE,0.3791450412851124,"{""c_iterations"": 994, ""c_depth"": 5, ""c_lr"": 0.005968146920701286, ""c_l2"": 1.1268149098711064}",2025-12-08T01:01:09.044222+00:00
49,COMPLETE,0.3782612424414226,"{""c_iterations"": 1567, ""c_depth"": 4, ""c_lr"": 0.007606097543628399, ""c_l2"": 1.7685642270602385e-05}",2025-12-08T01:01:20.177766+00:00
50,COMPLETE,0.38561970692357933,"{""c_iterations"": 1494, ""c_depth"": 8, ""c_lr"": 0.0007469611398068269, ""c_l2"": 2.46249946903715e-06}",2025-12-08T01:01:48.551999+00:00
51,COMPLETE,0.3782527819997762,"{""c_iterations"": 1267, ""c_depth"": 4, ""c_lr"": 0.011628797868236939, ""c_l2"": 1.1941410020801731e-05}",2025-12-08T01:01:57.381577+00:00
52,COMPLETE,0.37854487794373504,"{""c_iterations"": 1749, ""c_depth"": 4, ""c_lr"": 0.003425294246189975, ""c_l2"": 6.504541274280478e-06}",2025-12-08T01:02:12.000618+00:00
53,COMPLETE,0.3788945725717916,"{""c_iterations"": 1875, ""c_depth"": 4, ""c_lr"": 0.037484651871010556, ""c_l2"": 2.655877731280113e-05}",2025-12-08T01:02:19.240268+00:00
54,COMPLETE,0.37947360768994853,"{""c_iterations"": 1999, ""c_depth"": 5, ""c_lr"": 0.015161881008772273, ""c_l2"": 0.0007753164595085291}",2025-12-08T01:02:30.459629+00:00
55,COMPLETE,0.38024297860029227,"{""c_iterations"": 1143, ""c_depth"": 4, ""c_lr"": 0.12671093590509924, ""c_l2"": 7.474117506992424e-05}",2025-12-08T01:02:34.396056+00:00
56,COMPLETE,0.3784566447183354,"{""c_iterations"": 2431, ""c_depth"": 9, ""c_lr"": 0.007827940566325608, ""c_l2"": 9.025231814773224e-06}",2025-12-08T01:03:01.097816+00:00
57,COMPLETE,0.37904152305471206,"{""c_iterations"": 2164, ""c_depth"": 5, ""c_lr"": 0.0022697351080792783, ""c_l2"": 0.0030684235949627035}",2025-12-08T01:03:22.556782+00:00
58,COMPLETE,0.37744724304501276,"{""c_iterations"": 2222, ""c_depth"": 4, ""c_lr"": 0.009219022172634338, ""c_l2"": 2.2111280215098713e-06}",2025-12-08T01:03:34.046100+00:00
59,COMPLETE,0.37771394090160176,"{""c_iterations"": 1348, ""c_depth"": 4, ""c_lr"": 0.006323199479691523, ""c_l2"": 1.8463808519786692e-06}",2025-12-08T01:03:45.015476+00:00
60,COMPLETE,0.37840388342673936,"{""c_iterations"": 1339, ""c_depth"": 5, ""c_lr"": 0.009238166300574868, ""c_l2"": 4.02984396760168e-06}",2025-12-08T01:03:56.877883+00:00
61,COMPLETE,0.37831658985509004,"{""c_iterations"": 1487, ""c_depth"": 4, ""c_lr"": 0.006430983425627453, ""c_l2"": 1.7965696511382726e-06}",2025-12-08T01:04:07.654267+00:00
62,COMPLETE,0.37818671672704124,"{""c_iterations"": 2250, ""c_depth"": 4, ""c_lr"": 0.004250564886820055, ""c_l2"": 1.1889491206609087e-06}",2025-12-08T01:04:22.478380+00:00
63,COMPLETE,0.37788922755290233,"{""c_iterations"": 1227, ""c_depth"": 4, ""c_lr"": 0.02284417042623159, ""c_l2"": 2.891303961177922e-06}",2025-12-08T01:04:29.453036+00:00
64,COMPLETE,0.37814718404524483,"{""c_iterations"": 1066, ""c_depth"": 4, ""c_lr"": 0.021927784795942727, ""c_l2"": 6.995403413264745e-06}",2025-12-08T01:04:36.632539+00:00
65,COMPLETE,0.377923670672943,"{""c_iterations"": 742, ""c_depth"": 4, ""c_lr"": 0.01868612105059505, ""c_l2"": 3.7224791269811164e-06}",2025-12-08T01:04:43.043749+00:00
66,COMPLETE,0.37887669455875506,"{""c_iterations"": 614, ""c_depth"": 10, ""c_lr"": 0.012881468710070496, ""c_l2"": 3.5467979549168366e-06}",2025-12-08T01:04:53.309869+00:00
67,COMPLETE,0.37768077652386045,"{""c_iterations"": 809, ""c_depth"": 4, ""c_lr"": 0.030466467097989613, ""c_l2"": 1.104991598931759e-06}",2025-12-08T01:04:59.071410+00:00
68,COMPLETE,0.3804564217144894,"{""c_iterations"": 2039, ""c_depth"": 7, ""c_lr"": 0.030724289570154037, ""c_l2"": 1.2356952593841093e-06}",2025-12-08T01:05:10.824330+00:00
69,COMPLETE,0.3770383867658805,"{""c_iterations"": 792, ""c_depth"": 5, ""c_lr"": 0.0721921428182205, ""c_l2"": 2.2661342659783767e-06}",2025-12-08T01:05:15.574249+00:00
70,COMPLETE,0.3786363244275722,"{""c_iterations"": 992, ""c_depth"": 6, ""c_lr"": 0.08232873197299177, ""c_l2"": 1.1133234477559148e-05}",2025-12-08T01:05:22.130697+00:00
71,COMPLETE,0.3786500836621425,"{""c_iterations"": 848, ""c_depth"": 5, ""c_lr"": 0.04697857239947864, ""c_l2"": 1.0003350952980166e-06}",2025-12-08T01:05:27.919829+00:00
72,COMPLETE,0.37943145512808507,"{""c_iterations"": 748, ""c_depth"": 4, ""c_lr"": 0.06956656697225284, ""c_l2"": 2.325724240643183e-06}",2025-12-08T01:05:32.299545+00:00
73,COMPLETE,0.3786320483711619,"{""c_iterations"": 1192, ""c_depth"": 5, ""c_lr"": 0.11015819153808813, ""c_l2"": 5.251493121068617e-06}",2025-12-08T01:05:36.859246+00:00
74,COMPLETE,0.37954664489325374,"{""c_iterations"": 792, ""c_depth"": 4, ""c_lr"": 0.05524477565652198, ""c_l2"": 1.8759887133650684e-06}",2025-12-08T01:05:41.809012+00:00
75,COMPLETE,0.37806866686918933,"{""c_iterations"": 1786, ""c_depth"": 4, ""c_lr"": 0.031031779870319572, ""c_l2"": 2.0599972758280773e-05}",2025-12-08T01:05:48.816769+00:00
76,COMPLETE,0.3927496017542619,"{""c_iterations"": 2226, ""c_depth"": 5, ""c_lr"": 0.0001604418353474582, ""c_l2"": 6.379876551482098e-06}",2025-12-08T01:06:19.303983+00:00
77,COMPLETE,0.3817963967990734,"{""c_iterations"": 1009, ""c_depth"": 4, ""c_lr"": 0.1509124144279879, ""c_l2"": 3.4007861741850036e-06}",2025-12-08T01:06:23.026824+00:00
78,COMPLETE,0.37943859287968656,"{""c_iterations"": 912, ""c_depth"": 6, ""c_lr"": 0.04159533158718432, ""c_l2"": 8.949349292368365e-06}",2025-12-08T01:06:30.996375+00:00
79,COMPLETE,0.3784391385558377,"{""c_iterations"": 1686, ""c_depth"": 5, ""c_lr"": 0.10026701058110933, ""c_l2"": 3.6993695662923944e-05}",2025-12-08T01:06:35.961201+00:00
80,COMPLETE,0.3786682751469729,"{""c_iterations"": 650, ""c_depth"": 4, ""c_lr"": 0.05843194884425259, ""c_l2"": 1.707168402302927e-06}",2025-12-08T01:06:41.405682+00:00
81,COMPLETE,0.3788015988208001,"{""c_iterations"": 731, ""c_depth"": 4, ""c_lr"": 0.018010811631326704, ""c_l2"": 3.626385182418623e-06}",2025-12-08T01:06:48.046484+00:00
82,COMPLETE,0.37839837824440753,"{""c_iterations"": 555, ""c_depth"": 4, ""c_lr"": 0.024223795684466094, ""c_l2"": 2.585481238337065e-06}",2025-12-08T01:06:53.547218+00:00
83,COMPLETE,0.37738504797866596,"{""c_iterations"": 1910, ""c_depth"": 4, ""c_lr"": 0.009253217818267366, ""c_l2"": 4.694660316355515e-06}",2025-12-08T01:07:05.419689+00:00
84,COMPLETE,0.37779704679471743,"{""c_iterations"": 1969, ""c_depth"": 4, ""c_lr"": 0.004852972213261589, ""c_l2"": 1.3024371723153094e-05}",2025-12-08T01:07:18.802085+00:00
85,COMPLETE,0.37767821976991683,"{""c_iterations"": 1908, ""c_depth"": 4, ""c_lr"": 0.005056403363256411, ""c_l2"": 1.5140388776649736e-05}",2025-12-08T01:07:31.794468+00:00
86,COMPLETE,0.37879265688621555,"{""c_iterations"": 1904, ""c_depth"": 5, ""c_lr"": 0.0033300141934783523, ""c_l2"": 2.203106801419097e-05}",2025-12-08T01:07:49.877581+00:00
87,COMPLETE,0.37989600670853924,"{""c_iterations"": 2061, ""c_depth"": 7, ""c_lr"": 0.009633452511886841, ""c_l2"": 5.0485856414555e-06}",2025-12-08T01:08:12.193839+00:00
88,COMPLETE,0.3778676711025795,"{""c_iterations"": 1912, ""c_depth"": 4, ""c_lr"": 0.0052241811594544866, ""c_l2"": 1.5668208412480514e-05}",2025-12-08T01:08:26.759694+00:00
89,COMPLETE,0.3778140410306031,"{""c_iterations"": 1814, ""c_depth"": 4, ""c_lr"": 0.006139737609520881, ""c_l2"": 8.298490594363402e-06}",2025-12-08T01:08:39.428886+00:00
90,COMPLETE,0.37881276424229154,"{""c_iterations"": 1677, ""c_depth"": 4, ""c_lr"": 0.0024714768834994466, ""c_l2"": 1.4845794234510581e-06}",2025-12-08T01:08:54.569518+00:00
91,COMPLETE,0.3778738145527036,"{""c_iterations"": 1935, ""c_depth"": 4, ""c_lr"": 0.004920885096618443, ""c_l2"": 1.2380993811171303e-05}",2025-12-08T01:09:07.788124+00:00
92,COMPLETE,0.37775639389662474,"{""c_iterations"": 1978, ""c_depth"": 4, ""c_lr"": 0.00695113751595766, ""c_l2"": 4.908299050445149e-06}",2025-12-08T01:09:20.346006+00:00
93,COMPLETE,0.3781000372007909,"{""c_iterations"": 1847, ""c_depth"": 4, ""c_lr"": 0.011299392427808443, ""c_l2"": 5.289908509597627e-06}",2025-12-08T01:09:30.976455+00:00
94,COMPLETE,0.3781568125287019,"{""c_iterations"": 2081, ""c_depth"": 4, ""c_lr"": 0.007514329515430995, ""c_l2"": 2.4141472019083318e-06}",2025-12-08T01:09:42.498388+00:00
95,COMPLETE,0.3792729377794836,"{""c_iterations"": 2352, ""c_depth"": 5, ""c_lr"": 0.008772147429464087, ""c_l2"": 1.0566743744098934e-06}",2025-12-08T01:09:57.241339+00:00
96,COMPLETE,0.3783443173184222,"{""c_iterations"": 1978, ""c_depth"": 4, ""c_lr"": 0.003786080517447775, ""c_l2"": 0.05462382000783147}",2025-12-08T01:10:11.483821+00:00
97,COMPLETE,0.3781112007255601,"{""c_iterations"": 2191, ""c_depth"": 4, ""c_lr"": 0.006441583503335339, ""c_l2"": 4.549607986910889e-06}",2025-12-08T01:10:25.197778+00:00
98,COMPLETE,0.3790745314101519,"{""c_iterations"": 1744, ""c_depth"": 5, ""c_lr"": 0.01354071216216007, ""c_l2"": 3.9106248028005165e-05}",2025-12-08T01:10:36.966472+00:00
99,COMPLETE,0.37849966593423723,"{""c_iterations"": 2017, ""c_depth"": 4, ""c_lr"": 0.010730446771771715, ""c_l2"": 7.4285184973387105e-06}",2025-12-08T01:10:47.400639+00:00
100,COMPLETE,0.3787598213185506,"{""c_iterations"": 1833, ""c_depth"": 5, ""c_lr"": 0.006701987267292613, ""c_l2"": 7.42815700806895e-05}",2025-12-08T01:11:02.640460+00:00
101,COMPLETE,0.3783208927818845,"{""c_iterations"": 1964, ""c_depth"": 4, ""c_lr"": 0.0046792777535710406, ""c_l2"": 1.550294378027399e-05}",2025-12-08T01:11:15.947388+00:00
102,COMPLETE,0.37826825515539286,"{""c_iterations"": 2099, ""c_depth"": 4, ""c_lr"": 0.0031283830592123414, ""c_l2"": 2.7246266395236646e-05}",2025-12-08T01:11:31.313807+00:00
103,COMPLETE,0.3779833967148786,"{""c_iterations"": 1575, ""c_depth"": 4, ""c_lr"": 0.008263274437948427, ""c_l2"": 4.232870481883509}",2025-12-08T01:11:43.501245+00:00
104,COMPLETE,0.37778682326756985,"{""c_iterations"": 1954, ""c_depth"": 4, ""c_lr"": 0.005402776816720942, ""c_l2"": 1.5449910428318867e-06}",2025-12-08T01:11:57.321666+00:00
105,COMPLETE,0.3781241387719189,"{""c_iterations"": 1392, ""c_depth"": 4, ""c_lr"": 0.005718213238001305, ""c_l2"": 2.1506102238913215e-06}",2025-12-08T01:12:08.863060+00:00
106,COMPLETE,0.3789052513496091,"{""c_iterations"": 1766, ""c_depth"": 4, ""c_lr"": 0.003684767883491603, ""c_l2"": 1.5411319166017154e-06}",2025-12-08T01:12:23.709209+00:00
107,COMPLETE,0.37853446719271366,"{""c_iterations"": 1636, ""c_depth"": 4, ""c_lr"": 0.07919344996254757, ""c_l2"": 1.5260304105955813e-06}",2025-12-08T01:12:28.198931+00:00
108,COMPLETE,0.37874470128402365,"{""c_iterations"": 2287, ""c_depth"": 4, ""c_lr"": 0.0020052268387475685, ""c_l2"": 3.002537398544979e-06}",2025-12-08T01:12:47.475210+00:00
109,COMPLETE,0.3780611756624112,"{""c_iterations"": 2043, ""c_depth"": 4, ""c_lr"": 0.004186377488925792, ""c_l2"": 9.129048705140014e-06}",2025-12-08T01:13:02.336914+00:00
110,COMPLETE,0.37844696678345313,"{""c_iterations"": 1867, ""c_depth"": 5, ""c_lr"": 0.009263624406633244, ""c_l2"": 1.0270629719133613e-06}",2025-12-08T01:13:14.834468+00:00
111,COMPLETE,0.3789644581025094,"{""c_iterations"": 1925, ""c_depth"": 4, ""c_lr"": 0.1989366057106312, ""c_l2"": 4.1402794682731635e-06}",2025-12-08T01:13:18.385045+00:00
112,COMPLETE,0.37934708488717966,"{""c_iterations"": 2419, ""c_depth"": 6, ""c_lr"": 0.0051200245954102115, ""c_l2"": 2.1305291878179266e-06}",2025-12-08T01:13:41.270273+00:00
113,COMPLETE,0.37817723743442916,"{""c_iterations"": 1959, ""c_depth"": 4, ""c_lr"": 0.004465573145915828, ""c_l2"": 6.590050457453034e-06}",2025-12-08T01:13:55.324048+00:00
114,COMPLETE,0.37769559296000166,"{""c_iterations"": 1729, ""c_depth"": 4, ""c_lr"": 0.006936984359788394, ""c_l2"": 1.2097976709874741e-05}",2025-12-08T01:14:07.334900+00:00
115,COMPLETE,0.3773426893262001,"{""c_iterations"": 1105, ""c_depth"": 4, ""c_lr"": 0.015950400292330427, ""c_l2"": 2.963552405093473e-06}",2025-12-08T01:14:15.263085+00:00
116,COMPLETE,0.37754458326583606,"{""c_iterations"": 1287, ""c_depth"": 4, ""c_lr"": 0.014647149009044642, ""c_l2"": 4.936444612160341e-06}",2025-12-08T01:14:24.495337+00:00
117,COMPLETE,0.37765571580693574,"{""c_iterations"": 1098, ""c_depth"": 4, ""c_lr"": 0.017112379887419104, ""c_l2"": 2.209826288386362e-05}",2025-12-08T01:14:31.842361+00:00
118,COMPLETE,0.37947698547312647,"{""c_iterations"": 1084, ""c_depth"": 7, ""c_lr"": 0.01523079203969781, ""c_l2"": 2.662925403167752e-05}",2025-12-08T01:14:46.895444+00:00
119,COMPLETE,0.37799830203722434,"{""c_iterations"": 1142, ""c_depth"": 4, ""c_lr"": 0.012135364413476037, ""c_l2"": 5.6927891461962956e-05}",2025-12-08T01:14:55.097098+00:00
120,COMPLETE,0.3780769990745503,"{""c_iterations"": 934, ""c_depth"": 4, ""c_lr"": 0.01998782156941961, ""c_l2"": 1.0236972515243776e-05}",2025-12-08T01:15:02.241263+00:00
121,COMPLETE,0.37729343768062884,"{""c_iterations"": 1239, ""c_depth"": 4, ""c_lr"": 0.016880944281688823, ""c_l2"": 2.009954441588918e-05}",2025-12-08T01:15:09.761165+00:00
122,COMPLETE,0.3773947833214182,"{""c_iterations"": 1310, ""c_depth"": 4, ""c_lr"": 0.016950662530772844, ""c_l2"": 1.633036393850026e-05}",2025-12-08T01:15:17.629579+00:00
123,COMPLETE,0.377253685804484,"{""c_iterations"": 1302, ""c_depth"": 4, ""c_lr"": 0.015553794819090552, ""c_l2"": 2.0465242509333603e-05}",2025-12-08T01:15:25.459228+00:00
124,COMPLETE,0.37721419533525674,"{""c_iterations"": 1297, ""c_depth"": 4, ""c_lr"": 0.016583104286209106, ""c_l2"": 1.7769370934639733e-05}",2025-12-08T01:15:33.838785+00:00
125,COMPLETE,0.37738342037889555,"{""c_iterations"": 1404, ""c_depth"": 4, ""c_lr"": 0.015128832589396138, ""c_l2"": 3.6125467227734865e-05}",2025-12-08T01:15:42.261424+00:00
126,COMPLETE,0.3796355576828122,"{""c_iterations"": 1305, ""c_depth"": 8, ""c_lr"": 0.015880262165067875, ""c_l2"": 4.395629037987469e-05}",2025-12-08T01:16:00.828656+00:00
127,COMPLETE,0.3788305045465112,"{""c_iterations"": 1421, ""c_depth"": 4, ""c_lr"": 0.02687921986664984, ""c_l2"": 2.0296797502637266e-05}",2025-12-08T01:16:07.866957+00:00
128,COMPLETE,0.37750786364984307,"{""c_iterations"": 1283, ""c_depth"": 4, ""c_lr"": 0.01746610608387158, ""c_l2"": 9.604084613891418e-05}",2025-12-08T01:16:16.188368+00:00
129,COMPLETE,0.3777760979890527,"{""c_iterations"": 1299, ""c_depth"": 4, ""c_lr"": 0.017127502788700604, ""c_l2"": 7.044673056085147e-05}",2025-12-08T01:16:23.428110+00:00
130,COMPLETE,0.3777641971329974,"{""c_iterations"": 1193, ""c_depth"": 4, ""c_lr"": 0.019966578028313843, ""c_l2"": 0.00011292140231484782}",2025-12-08T01:16:30.934440+00:00
131,COMPLETE,0.37815320297193616,"{""c_iterations"": 1272, ""c_depth"": 4, ""c_lr"": 0.01182235546134581, ""c_l2"": 3.4375731202762186e-05}",2025-12-08T01:16:40.310150+00:00
132,COMPLETE,0.3781703558197627,"{""c_iterations"": 1135, ""c_depth"": 4, ""c_lr"": 0.01397952579323393, ""c_l2"": 2.1773327900533037e-05}",2025-12-08T01:16:48.385691+00:00
133,COMPLETE,0.3782616104679388,"{""c_iterations"": 1215, ""c_depth"": 4, ""c_lr"": 0.0347873844179554, ""c_l2"": 4.425788218117327e-05}",2025-12-08T01:16:55.364069+00:00
134,COMPLETE,0.37818554212337446,"{""c_iterations"": 1384, ""c_depth"": 4, ""c_lr"": 0.021878587772651364, ""c_l2"": 2.894072043270395e-05}",2025-12-08T01:17:03.133792+00:00
135,COMPLETE,0.3793116517045347,"{""c_iterations"": 1029, ""c_depth"": 9, ""c_lr"": 0.01672515241284726, ""c_l2"": 0.0002564181413151694}",2025-12-08T01:17:19.257230+00:00
136,COMPLETE,0.3778387398171562,"{""c_iterations"": 1519, ""c_depth"": 4, ""c_lr"": 0.01359579331129973, ""c_l2"": 1.849718149854788e-05}",2025-12-08T01:17:28.032425+00:00
137,COMPLETE,0.3790326141609684,"{""c_iterations"": 1313, ""c_depth"": 5, ""c_lr"": 0.025612746913541456, ""c_l2"": 8.07520998326179e-06}",2025-12-08T01:17:37.535077+00:00
138,COMPLETE,0.37797839985528076,"{""c_iterations"": 1251, ""c_depth"": 4, ""c_lr"": 0.010009268213286139, ""c_l2"": 0.00010125491207456083}",2025-12-08T01:17:46.981487+00:00
139,COMPLETE,0.37743675951930417,"{""c_iterations"": 1452, ""c_depth"": 4, ""c_lr"": 0.01634395291433626, ""c_l2"": 5.003415805220591e-05}",2025-12-08T01:17:55.121094+00:00
140,COMPLETE,0.37848662892373797,"{""c_iterations"": 1447, ""c_depth"": 4, ""c_lr"": 0.019594631099368705, ""c_l2"": 5.83912104510733e-05}",2025-12-08T01:18:03.350582+00:00
141,COMPLETE,0.37802505394724284,"{""c_iterations"": 1106, ""c_depth"": 4, ""c_lr"": 0.014630127334150166, ""c_l2"": 3.6911239384581174e-05}",2025-12-08T01:18:12.101214+00:00
142,COMPLETE,0.37807113290647465,"{""c_iterations"": 1373, ""c_depth"": 4, ""c_lr"": 0.011634313355736189, ""c_l2"": 1.5708898536805114e-05}",2025-12-08T01:18:21.585460+00:00
143,COMPLETE,0.37729463481305947,"{""c_iterations"": 1172, ""c_depth"": 4, ""c_lr"": 0.016868449126520475, ""c_l2"": 3.146621516589339e-05}",2025-12-08T01:18:28.783835+00:00
144,COMPLETE,0.3779745998647552,"{""c_iterations"": 1249, ""c_depth"": 4, ""c_lr"": 0.017543373980758205, ""c_l2"": 0.0001449982313960107}",2025-12-08T01:18:36.617298+00:00
145,COMPLETE,0.3775184972395101,"{""c_iterations"": 1173, ""c_depth"": 4, ""c_lr"": 0.01593182163023029, ""c_l2"": 8.995011421168443e-05}",2025-12-08T01:18:43.838354+00:00
146,COMPLETE,0.3783918213184997,"{""c_iterations"": 1183, ""c_depth"": 4, ""c_lr"": 0.022681290048405706, ""c_l2"": 8.313877018059792e-05}",2025-12-08T01:18:50.764002+00:00
147,COMPLETE,0.37823177394912827,"{""c_iterations"": 1532, ""c_depth"": 4, ""c_lr"": 0.013495892740626484, ""c_l2"": 5.715892209405844e-05}",2025-12-08T01:19:00.867500+00:00
148,COMPLETE,0.37884716931767054,"{""c_iterations"": 1438, ""c_depth"": 4, ""c_lr"": 0.04468454162848612, ""c_l2"": 0.00020676513561261242}",2025-12-08T01:19:07.755129+00:00
149,COMPLETE,0.37804227682080965,"{""c_iterations"": 1336, ""c_depth"": 4, ""c_lr"": 0.03446153837492442, ""c_l2"": 6.1917898566558544e-06}",2025-12-08T01:19:14.986683+00:00
150,COMPLETE,0.3783274138012019,"{""c_iterations"": 1224, ""c_depth"": 5, ""c_lr"": 0.027190062533430613, ""c_l2"": 0.00662133414552244}",2025-12-08T01:19:22.666381+00:00
151,COMPLETE,0.37728282836169513,"{""c_iterations"": 1151, ""c_depth"": 4, ""c_lr"": 0.016252332785067016, ""c_l2"": 2.428081788411282e-05}",2025-12-08T01:19:30.223646+00:00
152,COMPLETE,0.37739840063398844,"{""c_iterations"": 1289, ""c_depth"": 4, ""c_lr"": 0.015909240841547538, ""c_l2"": 4.387600272064785e-05}",2025-12-08T01:19:38.795396+00:00
153,COMPLETE,0.37794384679009696,"{""c_iterations"": 1055, ""c_depth"": 4, ""c_lr"": 0.02135092366761404, ""c_l2"": 3.344243505467158e-05}",2025-12-08T01:19:45.505233+00:00
154,COMPLETE,0.3778784170232508,"{""c_iterations"": 1168, ""c_depth"": 4, ""c_lr"": 0.010491456295457188, ""c_l2"": 4.915869324283369e-05}",2025-12-08T01:19:54.315616+00:00
155,COMPLETE,0.3781828224103416,"{""c_iterations"": 1393, ""c_depth"": 4, ""c_lr"": 0.018364161459366223, ""c_l2"": 0.00010148182929552263}",2025-12-08T01:20:02.028160+00:00
156,COMPLETE,0.37781627729820993,"{""c_iterations"": 984, ""c_depth"": 4, ""c_lr"": 0.01252939089802877, ""c_l2"": 2.871103608057138e-05}",2025-12-08T01:20:10.183751+00:00
157,COMPLETE,0.37857165503943596,"{""c_iterations"": 1332, ""c_depth"": 4, ""c_lr"": 0.024454686735023504, ""c_l2"": 7.007466481009067e-05}",2025-12-08T01:20:16.953399+00:00
158,COMPLETE,0.3787921956551099,"{""c_iterations"": 1250, ""c_depth"": 4, ""c_lr"": 0.06227259209453206, ""c_l2"": 1.361197325958785e-05}",2025-12-08T01:20:21.641128+00:00
159,COMPLETE,0.3776083997187415,"{""c_iterations"": 1128, ""c_depth"": 4, ""c_lr"": 0.02027693477932615, ""c_l2"": 4.456219279580427e-05}",2025-12-08T01:20:29.032422+00:00
160,COMPLETE,0.3777580795514329,"{""c_iterations"": 1196, ""c_depth"": 4, ""c_lr"": 0.01667834427322791, ""c_l2"": 0.0002977196051002477}",2025-12-08T01:20:36.942451+00:00
161,COMPLETE,0.3777420842772179,"{""c_iterations"": 1286, ""c_depth"": 4, ""c_lr"": 0.014176994800436856, ""c_l2"": 2.8380480442227514e-06}",2025-12-08T01:20:45.738665+00:00
162,COMPLETE,0.37901795345524103,"{""c_iterations"": 1280, ""c_depth"": 6, ""c_lr"": 0.015006058095823732, ""c_l2"": 1.0815118005200782e-05}",2025-12-08T01:20:58.935089+00:00
163,COMPLETE,0.3781499614053979,"{""c_iterations"": 2626, ""c_depth"": 4, ""c_lr"": 0.011745985063029825, ""c_l2"": 4.090489770626328e-06}",2025-12-08T01:21:10.015466+00:00
164,COMPLETE,0.37755995034790274,"{""c_iterations"": 1375, ""c_depth"": 4, ""c_lr"": 0.008465288465864652, ""c_l2"": 2.1521143096913272e-05}",2025-12-08T01:21:20.909868+00:00
165,COMPLETE,0.3772611901553962,"{""c_iterations"": 1223, ""c_depth"": 4, ""c_lr"": 0.0155580010177886, ""c_l2"": 2.9613820724754877e-05}",2025-12-08T01:21:28.901604+00:00
166,COMPLETE,0.38006602608429596,"{""c_iterations"": 1157, ""c_depth"": 4, ""c_lr"": 0.09522594832609886, ""c_l2"": 0.00012154766292886708}",2025-12-08T01:21:32.779335+00:00
167,COMPLETE,0.37816678748150373,"{""c_iterations"": 1210, ""c_depth"": 4, ""c_lr"": 0.017323361958702054, ""c_l2"": 3.138836961921215e-05}",2025-12-08T01:21:40.418857+00:00
168,COMPLETE,0.3780057146847196,"{""c_iterations"": 1059, ""c_depth"": 4, ""c_lr"": 0.010181739931713877, ""c_l2"": 1.5876502222553853e-05}",2025-12-08T01:21:49.770484+00:00
169,COMPLETE,0.3780318414231135,"{""c_iterations"": 1333, ""c_depth"": 4, ""c_lr"": 0.030514272827872443, ""c_l2"": 0.0004832293947732845}",2025-12-08T01:21:56.068027+00:00
170,COMPLETE,0.3780559618679351,"{""c_iterations"": 1427, ""c_depth"": 4, ""c_lr"": 0.022248634392840035, ""c_l2"": 4.366241837751901e-05}",2025-12-08T01:22:03.757508+00:00
171,COMPLETE,0.3777701707342629,"{""c_iterations"": 1287, ""c_depth"": 4, ""c_lr"": 0.014794125850338558, ""c_l2"": 2.4458872010880013e-05}",2025-12-08T01:22:12.757026+00:00
172,COMPLETE,0.37868392405279583,"{""c_iterations"": 1232, ""c_depth"": 4, ""c_lr"": 0.019036931445852952, ""c_l2"": 8.354421007429506e-06}",2025-12-08T01:22:20.002212+00:00
173,COMPLETE,0.37769970041172163,"{""c_iterations"": 1161, ""c_depth"": 4, ""c_lr"": 0.01314213531125296, ""c_l2"": 6.323172534852668e-05}",2025-12-08T01:22:28.726121+00:00
174,COMPLETE,0.3775691273414597,"{""c_iterations"": 1323, ""c_depth"": 4, ""c_lr"": 0.015826767165477627, ""c_l2"": 2.0567016044915923e-05}",2025-12-08T01:22:37.125752+00:00
175,COMPLETE,0.3778013450537195,"{""c_iterations"": 1258, ""c_depth"": 4, ""c_lr"": 0.012633681734923382, ""c_l2"": 3.507538249696778e-06}",2025-12-08T01:22:45.475230+00:00
176,COMPLETE,0.3784733627496662,"{""c_iterations"": 1103, ""c_depth"": 4, ""c_lr"": 0.018893831909828428, ""c_l2"": 5.410661310425334e-06}",2025-12-08T01:22:52.694853+00:00
177,COMPLETE,0.379163485030224,"{""c_iterations"": 1216, ""c_depth"": 5, ""c_lr"": 0.02395007871165607, ""c_l2"": 1.1186110643603316e-05}",2025-12-08T01:23:00.205255+00:00
178,COMPLETE,0.377721876936755,"{""c_iterations"": 1364, ""c_depth"": 4, ""c_lr"": 0.01527210196397236, ""c_l2"": 3.784705902962545e-05}",2025-12-08T01:23:08.314059+00:00
179,COMPLETE,0.3776657394763341,"{""c_iterations"": 1467, ""c_depth"": 4, ""c_lr"": 0.009341605687424422, ""c_l2"": 2.805559334461953e-06}",2025-12-08T01:23:18.173690+00:00
180,COMPLETE,0.37811739367694047,"{""c_iterations"": 1290, ""c_depth"": 4, ""c_lr"": 0.010507104064269626, ""c_l2"": 1.5163293734131406e-05}",2025-12-08T01:23:27.092913+00:00
181,COMPLETE,0.377771848145273,"{""c_iterations"": 1380, ""c_depth"": 4, ""c_lr"": 0.012370078196395939, ""c_l2"": 2.5609384813273523e-05}",2025-12-08T01:23:36.484233+00:00
182,COMPLETE,0.37738461853537825,"{""c_iterations"": 1415, ""c_depth"": 4, ""c_lr"": 0.01642241164650667, ""c_l2"": 0.30036982214412583}",2025-12-08T01:23:45.033171+00:00
183,COMPLETE,0.3778696924504069,"{""c_iterations"": 1497, ""c_depth"": 4, ""c_lr"": 0.017810945370039806, ""c_l2"": 0.927713591257889}",2025-12-08T01:23:53.723479+00:00
184,COMPLETE,0.37767172173766195,"{""c_iterations"": 1415, ""c_depth"": 4, ""c_lr"": 0.015245848809551491, ""c_l2"": 0.12980821056033226}",2025-12-08T01:24:03.040378+00:00
185,COMPLETE,0.37763468636701086,"{""c_iterations"": 1166, ""c_depth"": 4, ""c_lr"": 0.020277284687381, ""c_l2"": 0.3399541162566064}",2025-12-08T01:24:10.163921+00:00
186,COMPLETE,0.3781147379175522,"{""c_iterations"": 1320, ""c_depth"": 4, ""c_lr"": 0.025757814693432104, ""c_l2"": 0.02584154693367075}",2025-12-08T01:24:16.326226+00:00
187,COMPLETE,0.3800944230830973,"{""c_iterations"": 1239, ""c_depth"": 4, ""c_lr"": 0.12890012318134791, ""c_l2"": 8.033530295508732e-05}",2025-12-08T01:24:20.629781+00:00
188,COMPLETE,0.37757799067109055,"{""c_iterations"": 1115, ""c_depth"": 4, ""c_lr"": 0.016685164926738126, ""c_l2"": 4.778070047622395e-05}",2025-12-08T01:24:27.566192+00:00
189,COMPLETE,0.3779736282282925,"{""c_iterations"": 1194, ""c_depth"": 4, ""c_lr"": 0.013641723705620312, ""c_l2"": 3.195516914674006e-05}",2025-12-08T01:24:36.396704+00:00
190,COMPLETE,0.37809955682320306,"{""c_iterations"": 1554, ""c_depth"": 4, ""c_lr"": 0.011496026745291042, ""c_l2"": 6.6007376096507616e-06}",2025-12-08T01:24:45.822385+00:00
191,COMPLETE,0.37794313878180996,"{""c_iterations"": 1369, ""c_depth"": 4, ""c_lr"": 0.021195967458098198, ""c_l2"": 1.87095189259783e-05}",2025-12-08T01:24:53.618922+00:00
192,COMPLETE,0.3778072720875345,"{""c_iterations"": 1452, ""c_depth"": 4, ""c_lr"": 0.008535678557834802, ""c_l2"": 2.337594290149708e-05}",2025-12-08T01:25:04.629163+00:00
193,COMPLETE,0.3779416071923826,"{""c_iterations"": 1288, ""c_depth"": 4, ""c_lr"": 0.007958216754129447, ""c_l2"": 3.2700173460789053}",2025-12-08T01:25:15.489479+00:00
194,COMPLETE,0.3835992745943982,"{""c_iterations"": 1345, ""c_depth"": 4, ""c_lr"": 0.0010769410339454965, ""c_l2"": 0.0001746807813725733}",2025-12-08T01:25:30.020446+00:00
195,COMPLETE,0.37718647602456024,"{""c_iterations"": 1405, ""c_depth"": 4, ""c_lr"": 0.0160113724285353, ""c_l2"": 5.621462218803427e-05}",2025-12-08T01:25:38.720799+00:00
196,COMPLETE,0.3770406952216513,"{""c_iterations"": 1263, ""c_depth"": 4, ""c_lr"": 0.0165371868892665, ""c_l2"": 5.668107004506024e-05}",2025-12-08T01:25:46.991527+00:00
197,COMPLETE,0.3783924509831116,"{""c_iterations"": 1245, ""c_depth"": 4, ""c_lr"": 0.018231157936053646, ""c_l2"": 6.262793334613174e-05}",2025-12-08T01:25:55.022153+00:00
198,COMPLETE,0.3773966164019056,"{""c_iterations"": 1428, ""c_depth"": 4, ""c_lr"": 0.016495424463145968, ""c_l2"": 9.995040542891814e-05}",2025-12-08T01:26:03.357219+00:00
199,COMPLETE,0.37804748080975287,"{""c_iterations"": 1484, ""c_depth"": 4, ""c_lr"": 0.07707381122194468, ""c_l2"": 5.150049561640035e-05}",2025-12-08T01:26:07.941205+00:00
200,COMPLETE,0.37911055841077484,"{""c_iterations"": 1415, ""c_depth"": 6, ""c_lr"": 0.0219707790774807, ""c_l2"": 3.5946823897923895e-05}",2025-12-08T01:26:20.377871+00:00
201,COMPLETE,0.3774959690936741,"{""c_iterations"": 1322, ""c_depth"": 4, ""c_lr"": 0.01668890973898676, ""c_l2"": 4.525334821445682e-05}",2025-12-08T01:26:28.394318+00:00
202,COMPLETE,0.37768612072033925,"{""c_iterations"": 1602, ""c_depth"": 4, ""c_lr"": 0.017085771374439507, ""c_l2"": 8.18999996185377e-05}",2025-12-08T01:26:36.676275+00:00
203,COMPLETE,0.3778989513797467,"{""c_iterations"": 1345, ""c_depth"": 4, ""c_lr"": 0.01337042202519532, ""c_l2"": 5.6770478799333454e-05}",2025-12-08T01:26:45.772975+00:00
204,COMPLETE,0.3792296802497535,"{""c_iterations"": 1436, ""c_depth"": 4, ""c_lr"": 0.019506553151307556, ""c_l2"": 0.00011193686847888833}",2025-12-08T01:26:54.186190+00:00
205,COMPLETE,0.3777304738096114,"{""c_iterations"": 2872, ""c_depth"": 4, ""c_lr"": 0.013783629392650976, ""c_l2"": 3.281711202748546e-05}",2025-12-08T01:27:04.886905+00:00
206,COMPLETE,0.37715681399507067,"{""c_iterations"": 1312, ""c_depth"": 4, ""c_lr"": 0.016155202369704164, ""c_l2"": 4.266272265611064e-05}",2025-12-08T01:27:13.522648+00:00
207,COMPLETE,0.3773903817001167,"{""c_iterations"": 1397, ""c_depth"": 4, ""c_lr"": 0.015321304316610908, ""c_l2"": 4.415365740504546e-05}",2025-12-08T01:27:21.368177+00:00
208,COMPLETE,0.37804773086251153,"{""c_iterations"": 1416, ""c_depth"": 4, ""c_lr"": 0.011330687178214059, ""c_l2"": 2.8161476969447547e-05}",2025-12-08T01:27:30.955893+00:00
209,COMPLETE,0.3784828515702073,"{""c_iterations"": 1536, ""c_depth"": 4, ""c_lr"": 0.024434310098347622, ""c_l2"": 3.786925453597586e-05}",2025-12-08T01:27:37.889088+00:00
210,COMPLETE,0.3776126392493121,"{""c_iterations"": 1458, ""c_depth"": 4, ""c_lr"": 0.01572878158915046, ""c_l2"": 1.7234538497840243e-05}",2025-12-08T01:27:46.569686+00:00
211,COMPLETE,0.3781483462034795,"{""c_iterations"": 1325, ""c_depth"": 4, ""c_lr"": 0.01991282922714499, ""c_l2"": 0.0021484253602587046}",2025-12-08T01:27:54.730334+00:00
212,COMPLETE,0.3770451466903006,"{""c_iterations"": 1397, ""c_depth"": 4, ""c_lr"": 0.015421320003559157, ""c_l2"": 4.7305866432108346e-05}",2025-12-08T01:28:03.480851+00:00
213,COMPLETE,0.37785183857062243,"{""c_iterations"": 1390, ""c_depth"": 4, ""c_lr"": 0.012558098195666742, ""c_l2"": 6.113631784262035e-05}",2025-12-08T01:28:12.195651+00:00
214,COMPLETE,0.37764437984977717,"{""c_iterations"": 1496, ""c_depth"": 4, ""c_lr"": 0.01452160143627583, ""c_l2"": 2.5498801509496996e-05}",2025-12-08T01:28:21.392033+00:00
215,COMPLETE,0.37828730625033313,"{""c_iterations"": 1243, ""c_depth"": 4, ""c_lr"": 0.01972158593209807, ""c_l2"": 3.95635114481124e-05}",2025-12-08T01:28:28.526317+00:00
216,COMPLETE,0.3776979641389097,"{""c_iterations"": 1386, ""c_depth"": 4, ""c_lr"": 0.015279386603265879, ""c_l2"": 4.961701349496082e-05}",2025-12-08T01:28:36.914350+00:00
217,COMPLETE,0.37786610536600285,"{""c_iterations"": 1286, ""c_depth"": 4, ""c_lr"": 0.010924853428300687, ""c_l2"": 2.8927849514714785e-05}",2025-12-08T01:28:46.273046+00:00
218,COMPLETE,0.37977606587989776,"{""c_iterations"": 1371, ""c_depth"": 4, ""c_lr"": 0.05277894983628952, ""c_l2"": 1.8783639463406194e-06}",2025-12-08T01:28:52.002892+00:00
219,COMPLETE,0.37732090035284904,"{""c_iterations"": 1219, ""c_depth"": 4, ""c_lr"": 0.012970973091073713, ""c_l2"": 7.094372483378539e-05}",2025-12-08T01:29:02.227196+00:00
220,COMPLETE,0.3777929671652824,"{""c_iterations"": 1225, ""c_depth"": 4, ""c_lr"": 0.013126142759881866, ""c_l2"": 7.530615207402659e-05}",2025-12-08T01:29:10.724507+00:00
221,COMPLETE,0.37845512553838423,"{""c_iterations"": 1156, ""c_depth"": 4, ""c_lr"": 0.01786808087658452, ""c_l2"": 4.647981799558129e-05}",2025-12-08T01:29:17.862964+00:00
222,COMPLETE,0.3776830398832135,"{""c_iterations"": 1208, ""c_depth"": 4, ""c_lr"": 0.014951505152536534, ""c_l2"": 6.393733013261694e-05}",2025-12-08T01:29:26.498233+00:00
223,COMPLETE,0.37789610346124225,"{""c_iterations"": 878, ""c_depth"": 4, ""c_lr"": 0.01284160117041027, ""c_l2"": 2.1166119085991055e-05}",2025-12-08T01:29:33.903047+00:00
224,COMPLETE,0.3774202475057531,"{""c_iterations"": 1274, ""c_depth"": 4, ""c_lr"": 0.016617368144695246, ""c_l2"": 0.00013733337121779685}",2025-12-08T01:29:41.354912+00:00
225,COMPLETE,0.37731305439597046,"{""c_iterations"": 1295, ""c_depth"": 4, ""c_lr"": 0.017249944541428915, ""c_l2"": 0.00014505719601809008}",2025-12-08T01:29:50.776101+00:00
226,COMPLETE,0.3782775409959843,"{""c_iterations"": 1275, ""c_depth"": 4, ""c_lr"": 0.02205079980217372, ""c_l2"": 0.00012614464966759548}",2025-12-08T01:29:58.296736+00:00
227,COMPLETE,0.3782142300095475,"{""c_iterations"": 1321, ""c_depth"": 4, ""c_lr"": 0.01778539267837035, ""c_l2"": 0.00015860887507927954}",2025-12-08T01:30:06.152920+00:00
228,COMPLETE,0.37784523820253624,"{""c_iterations"": 1241, ""c_depth"": 4, ""c_lr"": 0.014981237142705888, ""c_l2"": 0.00014135486829593952}",2025-12-08T01:30:15.062590+00:00
229,COMPLETE,0.3785132146479466,"{""c_iterations"": 1306, ""c_depth"": 4, ""c_lr"": 0.018848192790904304, ""c_l2"": 7.262637447447848e-05}",2025-12-08T01:30:23.274378+00:00
230,COMPLETE,0.37870524970116376,"{""c_iterations"": 1178, ""c_depth"": 8, ""c_lr"": 0.06664786794333238, ""c_l2"": 9.430653747271822e-05}",2025-12-08T01:30:32.842739+00:00
231,COMPLETE,0.37725653147998855,"{""c_iterations"": 1355, ""c_depth"": 4, ""c_lr"": 0.01636838520461098, ""c_l2"": 3.779531556537149e-05}",2025-12-08T01:30:41.502761+00:00
232,COMPLETE,0.3773505554066551,"{""c_iterations"": 1351, ""c_depth"": 4, ""c_lr"": 0.015930372522835596, ""c_l2"": 3.4879610090870926e-05}",2025-12-08T01:30:50.115245+00:00
233,COMPLETE,0.3776051092428484,"{""c_iterations"": 1353, ""c_depth"": 4, ""c_lr"": 0.013893051314206362, ""c_l2"": 2.761569043427353e-05}",2025-12-08T01:30:59.002539+00:00
234,COMPLETE,0.37794973550399485,"{""c_iterations"": 1377, ""c_depth"": 4, ""c_lr"": 0.011334713543515153, ""c_l2"": 3.706223730206183e-05}",2025-12-08T01:31:08.372718+00:00
235,COMPLETE,0.3792683632772072,"{""c_iterations"": 1414, ""c_depth"": 10, ""c_lr"": 0.016107058574145242, ""c_l2"": 1.7932565059274982e-05}",2025-12-08T01:31:21.695707+00:00
236,COMPLETE,0.37792272852436226,"{""c_iterations"": 1337, ""c_depth"": 4, ""c_lr"": 0.020868079412409677, ""c_l2"": 3.697539343253874e-05}",2025-12-08T01:31:29.082754+00:00
237,COMPLETE,0.3884638928401533,"{""c_iterations"": 1219, ""c_depth"": 4, ""c_lr"": 0.0005683556182049461, ""c_l2"": 5.33978490560312e-05}",2025-12-08T01:31:43.348130+00:00
238,COMPLETE,0.3777031705089097,"{""c_iterations"": 1112, ""c_depth"": 4, ""c_lr"": 0.013328314202575764, ""c_l2"": 2.9549699208849458e-05}",2025-12-08T01:31:51.432795+00:00
239,COMPLETE,0.37820395309431093,"{""c_iterations"": 1288, ""c_depth"": 4, ""c_lr"": 0.017779529627884445, ""c_l2"": 1.3416091991051598e-05}",2025-12-08T01:31:59.425612+00:00
240,COMPLETE,0.3959162351341218,"{""c_iterations"": 690, ""c_depth"": 4, ""c_lr"": 0.0002836971247301865, ""c_l2"": 2.1928751604664165e-05}",2025-12-08T01:32:08.922314+00:00
241,COMPLETE,0.37777429811308344,"{""c_iterations"": 1249, ""c_depth"": 4, ""c_lr"": 0.016677003843621488, ""c_l2"": 7.689225316430722e-05}",2025-12-08T01:32:16.702604+00:00
242,COMPLETE,0.3779408417324107,"{""c_iterations"": 1286, ""c_depth"": 4, ""c_lr"": 0.015235680570099542, ""c_l2"": 4.1548795426581944e-05}",2025-12-08T01:32:25.172382+00:00
243,COMPLETE,0.3792621810632984,"{""c_iterations"": 1339, ""c_depth"": 4, ""c_lr"": 0.019520520582691922, ""c_l2"": 0.0001031578431469525}",2025-12-08T01:32:32.622379+00:00
244,COMPLETE,0.3783300616575849,"{""c_iterations"": 1400, ""c_depth"": 4, ""c_lr"": 0.02369641126079343, ""c_l2"": 5.432421910828791e-05}",2025-12-08T01:32:40.152323+00:00
245,COMPLETE,0.37821964964109567,"{""c_iterations"": 1254, ""c_depth"": 4, ""c_lr"": 0.012314894393742941, ""c_l2"": 0.0002138944259998441}",2025-12-08T01:32:49.102334+00:00
246,COMPLETE,0.3776380193483846,"{""c_iterations"": 1195, ""c_depth"": 4, ""c_lr"": 0.015733439607020186, ""c_l2"": 0.0008792044656015689}",2025-12-08T01:32:56.998392+00:00
247,COMPLETE,0.37826918195731263,"{""c_iterations"": 1304, ""c_depth"": 4, ""c_lr"": 0.017760696878040688, ""c_l2"": 0.00535047054866013}",2025-12-08T01:33:05.302377+00:00
248,COMPLETE,0.37802260142256283,"{""c_iterations"": 1351, ""c_depth"": 4, ""c_lr"": 0.01362181492930246, ""c_l2"": 3.185306421726714e-05}",2025-12-08T01:33:13.860929+00:00
249,COMPLETE,0.37772714813795183,"{""c_iterations"": 1144, ""c_depth"": 4, ""c_lr"": 0.01995525547267884, ""c_l2"": 2.1759017939834774e-05}",2025-12-08T01:33:21.442311+00:00
250,COMPLETE,0.37746823427847204,"{""c_iterations"": 588, ""c_depth"": 4, ""c_lr"": 0.01532427208094477, ""c_l2"": 6.92863804577273e-05}",2025-12-08T01:33:27.482256+00:00
251,COMPLETE,0.37818351723891264,"{""c_iterations"": 1441, ""c_depth"": 4, ""c_lr"": 0.0266082429995869, ""c_l2"": 3.353067954007762e-05}",2025-12-08T01:33:34.302258+00:00
252,COMPLETE,0.377658613884985,"{""c_iterations"": 1265, ""c_depth"": 4, ""c_lr"": 0.017047253580797568, ""c_l2"": 1.440317873479534e-05}",2025-12-08T01:33:42.822267+00:00
253,COMPLETE,0.3780064331057579,"{""c_iterations"": 1055, ""c_depth"": 4, ""c_lr"": 0.011129280647244852, ""c_l2"": 4.583617459956146e-05}",2025-12-08T01:33:51.391876+00:00
254,COMPLETE,0.37762220043354083,"{""c_iterations"": 1208, ""c_depth"": 4, ""c_lr"": 0.013876324920419247, ""c_l2"": 0.0003264150862819435}",2025-12-08T01:33:59.761557+00:00
255,COMPLETE,0.37761567178543487,"{""c_iterations"": 1384, ""c_depth"": 4, ""c_lr"": 0.020271146057400578, ""c_l2"": 0.01308006099979317}",2025-12-08T01:34:07.646184+00:00
256,COMPLETE,0.3776691496298665,"{""c_iterations"": 1311, ""c_depth"": 4, ""c_lr"": 0.0123513192446142, ""c_l2"": 9.543892953637185e-05}",2025-12-08T01:34:16.520896+00:00
257,COMPLETE,0.3796801299093386,"{""c_iterations"": 1471, ""c_depth"": 5, ""c_lr"": 0.022747107113079205, ""c_l2"": 2.2689185458011794e-05}",2025-12-08T01:34:25.735381+00:00
258,COMPLETE,0.37733923261560204,"{""c_iterations"": 1346, ""c_depth"": 4, ""c_lr"": 0.016361584294311275, ""c_l2"": 5.990064802869528e-05}",2025-12-08T01:34:34.320393+00:00
259,COMPLETE,0.37942342440761845,"{""c_iterations"": 1411, ""c_depth"": 6, ""c_lr"": 0.009934711840350269, ""c_l2"": 5.6895378702238734e-05}",2025-12-08T01:34:49.329786+00:00
260,COMPLETE,0.37769377365321694,"{""c_iterations"": 1352, ""c_depth"": 4, ""c_lr"": 0.014585634651965954, ""c_l2"": 4.3351646549667285e-05}",2025-12-08T01:34:58.463008+00:00
261,COMPLETE,0.3781016244188467,"{""c_iterations"": 1498, ""c_depth"": 4, ""c_lr"": 0.01847988282503901, ""c_l2"": 1.025071288155367e-05}",2025-12-08T01:35:06.129243+00:00
262,COMPLETE,0.3790332363350442,"{""c_iterations"": 1357, ""c_depth"": 4, ""c_lr"": 0.08481910208387529, ""c_l2"": 2.828286511497665e-05}",2025-12-08T01:35:10.336129+00:00
263,COMPLETE,0.37760284988830795,"{""c_iterations"": 1166, ""c_depth"": 4, ""c_lr"": 0.0146925734083928, ""c_l2"": 6.726204780789223e-05}",2025-12-08T01:35:18.494565+00:00
264,COMPLETE,0.3790625501236214,"{""c_iterations"": 1411, ""c_depth"": 7, ""c_lr"": 0.011660150902918278, ""c_l2"": 3.848523404832629e-05}",2025-12-08T01:35:35.148340+00:00
265,COMPLETE,0.3783390857397807,"{""c_iterations"": 503, ""c_depth"": 4, ""c_lr"": 0.022071221950517705, ""c_l2"": 1.6406247045074253e-05}",2025-12-08T01:35:40.828133+00:00
266,COMPLETE,0.37805070409940034,"{""c_iterations"": 1224, ""c_depth"": 4, ""c_lr"": 0.017434224297920426, ""c_l2"": 2.7429322125275863e-05}",2025-12-08T01:35:48.908226+00:00
267,COMPLETE,0.37799665048691256,"{""c_iterations"": 1305, ""c_depth"": 4, ""c_lr"": 0.013365737216878547, ""c_l2"": 0.05762457514138988}",2025-12-08T01:35:57.387272+00:00
268,COMPLETE,0.3771763281580054,"{""c_iterations"": 950, ""c_depth"": 4, ""c_lr"": 0.016015673780427044, ""c_l2"": 3.2016784870889395e-06}",2025-12-08T01:36:04.347284+00:00
269,COMPLETE,0.37795656867625943,"{""c_iterations"": 1023, ""c_depth"": 4, ""c_lr"": 0.0186833680913737, ""c_l2"": 3.1512646190764183e-06}",2025-12-08T01:36:11.212291+00:00
270,COMPLETE,0.37829238992866726,"{""c_iterations"": 795, ""c_depth"": 4, ""c_lr"": 0.02815771770050614, ""c_l2"": 4.2076421569138285e-06}",2025-12-08T01:36:17.146838+00:00
271,COMPLETE,0.37823923869003434,"{""c_iterations"": 955, ""c_depth"": 4, ""c_lr"": 0.015576708440671452, ""c_l2"": 9.347882905477347}",2025-12-08T01:36:25.826733+00:00
272,COMPLETE,0.37776388084870394,"{""c_iterations"": 1086, ""c_depth"": 4, ""c_lr"": 0.012331440908233942, ""c_l2"": 2.730829316370896e-06}",2025-12-08T01:36:34.399005+00:00
273,COMPLETE,0.378156485716185,"{""c_iterations"": 933, ""c_depth"": 4, ""c_lr"": 0.022217666638960548, ""c_l2"": 4.5999758681538975e-06}",2025-12-08T01:36:41.239147+00:00
274,COMPLETE,0.379305551033378,"{""c_iterations"": 1122, ""c_depth"": 5, ""c_lr"": 0.017611689424523656, ""c_l2"": 1.841103815474921e-05}",2025-12-08T01:36:50.255952+00:00
275,COMPLETE,0.37819262831458067,"{""c_iterations"": 879, ""c_depth"": 4, ""c_lr"": 0.01038802124871515, ""c_l2"": 2.6066610356817948e-06}",2025-12-08T01:36:58.335654+00:00
276,COMPLETE,0.3779311565359713,"{""c_iterations"": 1192, ""c_depth"": 4, ""c_lr"": 0.01414459472008156, ""c_l2"": 1.915002578133283e-06}",2025-12-08T01:37:06.495296+00:00
277,COMPLETE,0.37748880921453615,"{""c_iterations"": 1444, ""c_depth"": 4, ""c_lr"": 0.020399450629903053, ""c_l2"": 5.856619987728879e-05}",2025-12-08T01:37:15.082966+00:00
278,COMPLETE,0.3805041411279514,"{""c_iterations"": 1249, ""c_depth"": 4, ""c_lr"": 0.1629145376562897, ""c_l2"": 1.0820434171479466e-05}",2025-12-08T01:37:18.643808+00:00
279,COMPLETE,0.37734646962224655,"{""c_iterations"": 758, ""c_depth"": 4, ""c_lr"": 0.015140406541770434, ""c_l2"": 3.6073595528361005e-05}",2025-12-08T01:37:24.988629+00:00
280,COMPLETE,0.39757324327556326,"{""c_iterations"": 1147, ""c_depth"": 4, ""c_lr"": 0.00010771455078056469, ""c_l2"": 3.103768768096965e-05}",2025-12-08T01:37:39.595926+00:00
281,COMPLETE,0.3772859521972346,"{""c_iterations"": 713, ""c_depth"": 4, ""c_lr"": 0.013008468247252351, ""c_l2"": 2.2130323160238213e-05}",2025-12-08T01:37:46.568960+00:00
282,COMPLETE,0.37740910879004097,"{""c_iterations"": 722, ""c_depth"": 4, ""c_lr"": 0.012993309896003525, ""c_l2"": 3.702465953310887e-05}",2025-12-08T01:37:53.833526+00:00
283,COMPLETE,0.3789308234837378,"{""c_iterations"": 823, ""c_depth"": 5, ""c_lr"": 0.010623794546213159, ""c_l2"": 2.3016748441245297e-05}",2025-12-08T01:38:02.813213+00:00
284,COMPLETE,0.3780955197515922,"{""c_iterations"": 703, ""c_depth"": 4, ""c_lr"": 0.012639065471755213, ""c_l2"": 4.9027500216884674e-05}",2025-12-08T01:38:09.641995+00:00
285,COMPLETE,0.3807000403074126,"{""c_iterations"": 769, ""c_depth"": 4, ""c_lr"": 0.1063369581854307, ""c_l2"": 7.225274305676651e-06}",2025-12-08T01:38:13.787048+00:00
286,COMPLETE,0.37828568547990454,"{""c_iterations"": 765, ""c_depth"": 4, ""c_lr"": 0.00957115162793795, ""c_l2"": 2.565136721556973e-05}",2025-12-08T01:38:21.102910+00:00
287,COMPLETE,0.3776896186293268,"{""c_iterations"": 623, ""c_depth"": 4, ""c_lr"": 0.014496719647835811, ""c_l2"": 3.8361505711703404e-05}",2025-12-08T01:38:27.732771+00:00
288,COMPLETE,0.37912552048411,"{""c_iterations"": 859, ""c_depth"": 6, ""c_lr"": 0.011659137547079448, ""c_l2"": 1.358585621414321e-06}",2025-12-08T01:38:38.212256+00:00
289,COMPLETE,0.37726694681995754,"{""c_iterations"": 738, ""c_depth"": 4, ""c_lr"": 0.015970408770220573, ""c_l2"": 0.38591154256268057}",2025-12-08T01:38:44.791936+00:00
290,COMPLETE,0.37829288786922494,"{""c_iterations"": 709, ""c_depth"": 4, ""c_lr"": 0.019020083796506045, ""c_l2"": 0.16925009917852993}",2025-12-08T01:38:50.838521+00:00
291,COMPLETE,0.3793949815165272,"{""c_iterations"": 652, ""c_depth"": 4, ""c_lr"": 0.06084065498335009, ""c_l2"": 0.24040577460019918}",2025-12-08T01:38:55.711525+00:00
292,COMPLETE,0.3774685477185635,"{""c_iterations"": 685, ""c_depth"": 4, ""c_lr"": 0.016212961418664868, ""c_l2"": 3.6611229011557282e-06}",2025-12-08T01:39:02.001172+00:00
293,COMPLETE,0.38015749709374763,"{""c_iterations"": 974, ""c_depth"": 9, ""c_lr"": 0.013825179796080557, ""c_l2"": 1.331069813646913e-05}",2025-12-08T01:39:17.584429+00:00
294,COMPLETE,0.3787070656760789,"{""c_iterations"": 803, ""c_depth"": 4, ""c_lr"": 0.023250227130569172, ""c_l2"": 0.9463514903450042}",2025-12-08T01:39:24.380142+00:00
295,COMPLETE,0.378563040855509,"{""c_iterations"": 783, ""c_depth"": 4, ""c_lr"": 0.01927893451091553, ""c_l2"": 0.3723994539663924}",2025-12-08T01:39:30.499888+00:00
296,COMPLETE,0.38001400839611965,"{""c_iterations"": 710, ""c_depth"": 7, ""c_lr"": 0.01614601633772869, ""c_l2"": 0.5998784729915767}",2025-12-08T01:39:41.373208+00:00
297,COMPLETE,0.3785743076113896,"{""c_iterations"": 1080, ""c_depth"": 4, ""c_lr"": 0.07295742441341163, ""c_l2"": 0.4701784488886196}",2025-12-08T01:39:45.839190+00:00
298,COMPLETE,0.3774402350879266,"{""c_iterations"": 846, ""c_depth"": 4, ""c_lr"": 0.01440172914638407, ""c_l2"": 0.2135138861506635}",2025-12-08T01:39:52.748896+00:00
299,COMPLETE,0.3790715133350514,"{""c_iterations"": 558, ""c_depth"": 5, ""c_lr"": 0.011985695530905536, ""c_l2"": 2.1972624558309575e-06}",2025-12-08T01:40:00.278497+00:00
300,COMPLETE,0.37815964341024016,"{""c_iterations"": 740, ""c_depth"": 4, ""c_lr"": 0.025325222056354218, ""c_l2"": 0.10470167513108672}",2025-12-08T01:40:06.152250+00:00
301,COMPLETE,0.3785817656391612,"{""c_iterations"": 1191, ""c_depth"": 4, ""c_lr"": 0.0182708822249469, ""c_l2"": 2.048319217287137e-05}",2025-12-08T01:40:13.889897+00:00
302,COMPLETE,0.37812546778767564,"{""c_iterations"": 1241, ""c_depth"": 4, ""c_lr"": 0.04052725355347494, ""c_l2"": 2.9780341367475983e-05}",2025-12-08T01:40:18.981078+00:00
303,COMPLETE,0.37833973750008304,"{""c_iterations"": 910, ""c_depth"": 4, ""c_lr"": 0.020647937964812145, ""c_l2"": 0.6532773339978802}",2025-12-08T01:40:25.417418+00:00
304,COMPLETE,0.3771133085271905,"{""c_iterations"": 1135, ""c_depth"": 4, ""c_lr"": 0.03139164594850117, ""c_l2"": 7.136493339826298e-05}",2025-12-08T01:40:31.866952+00:00
305,COMPLETE,0.37826692992133737,"{""c_iterations"": 647, ""c_depth"": 4, ""c_lr"": 0.033006207745057116, ""c_l2"": 7.895403788456547e-05}",2025-12-08T01:40:37.906743+00:00
306,COMPLETE,0.37985336721324187,"{""c_iterations"": 1125, ""c_depth"": 4, ""c_lr"": 0.09059605705010068, ""c_l2"": 0.023869649299791126}",2025-12-08T01:40:41.846448+00:00
307,COMPLETE,0.3787336617603685,"{""c_iterations"": 1072, ""c_depth"": 4, ""c_lr"": 0.02823794319320646, ""c_l2"": 6.272544614387759e-05}",2025-12-08T01:40:48.256330+00:00
308,COMPLETE,0.3776490415050869,"{""c_iterations"": 995, ""c_depth"": 4, ""c_lr"": 0.016673329014189997, ""c_l2"": 5.8429326437819713e-05}",2025-12-08T01:40:55.373568+00:00
309,COMPLETE,0.37763467720473387,"{""c_iterations"": 1165, ""c_depth"": 4, ""c_lr"": 0.013758342215923034, ""c_l2"": 8.483633556568414e-05}",2025-12-08T01:41:03.250718+00:00
310,COMPLETE,0.3791669287384177,"{""c_iterations"": 1243, ""c_depth"": 5, ""c_lr"": 0.047504091474001274, ""c_l2"": 2.123107584149102}",2025-12-08T01:41:10.669431+00:00
311,COMPLETE,0.37845649839395046,"{""c_iterations"": 1300, ""c_depth"": 4, ""c_lr"": 0.02437449969222056, ""c_l2"": 3.6525898634368334e-05}",2025-12-08T01:41:17.649064+00:00
312,COMPLETE,0.37802569379518103,"{""c_iterations"": 1197, ""c_depth"": 4, ""c_lr"": 0.020042355043388266, ""c_l2"": 1.9038728952619068e-05}",2025-12-08T01:41:25.298546+00:00
313,COMPLETE,0.3772578341081761,"{""c_iterations"": 1051, ""c_depth"": 4, ""c_lr"": 0.015887668478760636, ""c_l2"": 4.696902702798635e-05}",2025-12-08T01:41:32.829335+00:00
314,COMPLETE,0.380972823726014,"{""c_iterations"": 1062, ""c_depth"": 6, ""c_lr"": 0.12148419537985182, ""c_l2"": 4.1137325049703614e-05}",2025-12-08T01:41:38.603327+00:00
315,COMPLETE,0.3792533131187935,"{""c_iterations"": 1126, ""c_depth"": 4, ""c_lr"": 0.054981402309720886, ""c_l2"": 4.998621700873746e-05}",2025-12-08T01:41:43.970166+00:00
316,COMPLETE,0.37752908716255323,"{""c_iterations"": 1050, ""c_depth"": 4, ""c_lr"": 0.0119725314988841, ""c_l2"": 2.6641000300160593e-05}",2025-12-08T01:41:52.270636+00:00
317,COMPLETE,0.3778829117685904,"{""c_iterations"": 1120, ""c_depth"": 4, ""c_lr"": 0.014852316347208594, ""c_l2"": 6.726707060087875e-05}",2025-12-08T01:41:59.651357+00:00
318,COMPLETE,0.3782097983058676,"{""c_iterations"": 1043, ""c_depth"": 4, ""c_lr"": 0.01793703632743259, ""c_l2"": 3.199897940172776e-05}",2025-12-08T01:42:06.605829+00:00
319,COMPLETE,0.3781256172393321,"{""c_iterations"": 1176, ""c_depth"": 4, ""c_lr"": 0.02163795072091149, ""c_l2"": 9.639945098704382e-05}",2025-12-08T01:42:14.302365+00:00
320,COMPLETE,0.37752028552557754,"{""c_iterations"": 1001, ""c_depth"": 4, ""c_lr"": 0.013299424453721327, ""c_l2"": 5.157282901368085e-05}",2025-12-08T01:42:22.227146+00:00
321,COMPLETE,0.37735686383746286,"{""c_iterations"": 827, ""c_depth"": 4, ""c_lr"": 0.01586964022606139, ""c_l2"": 1.577230388066686e-05}",2025-12-08T01:42:28.745538+00:00
322,COMPLETE,0.3790489948114398,"{""c_iterations"": 869, ""c_depth"": 5, ""c_lr"": 0.017650677529470204, ""c_l2"": 1.3843209573287638e-05}",2025-12-08T01:42:37.086251+00:00
323,COMPLETE,0.37810878472082493,"{""c_iterations"": 757, ""c_depth"": 4, ""c_lr"": 0.010615848140258398, ""c_l2"": 1.968201999655797e-05}",2025-12-08T01:42:44.440274+00:00
324,COMPLETE,0.37857455927671313,"{""c_iterations"": 817, ""c_depth"": 4, ""c_lr"": 0.03738875917804835, ""c_l2"": 8.629220463545514e-06}",2025-12-08T01:42:50.266101+00:00
325,COMPLETE,0.37735189900574295,"{""c_iterations"": 952, ""c_depth"": 4, ""c_lr"": 0.015949464446461132, ""c_l2"": 1.6254045985510258e-05}",2025-12-08T01:42:57.975879+00:00
326,COMPLETE,0.37821558144819095,"{""c_iterations"": 969, ""c_depth"": 4, ""c_lr"": 0.02048361119491358, ""c_l2"": 2.496902580217762e-05}",2025-12-08T01:43:04.796343+00:00
327,COMPLETE,0.37761779058760686,"{""c_iterations"": 1005, ""c_depth"": 4, ""c_lr"": 0.013183354232910852, ""c_l2"": 1.1052546877748737e-05}",2025-12-08T01:43:13.057087+00:00
328,COMPLETE,0.37830075199055657,"{""c_iterations"": 1081, ""c_depth"": 4, ""c_lr"": 0.029776689665948652, ""c_l2"": 0.00013076860566247516}",2025-12-08T01:43:19.417689+00:00
329,COMPLETE,0.37724783323705535,"{""c_iterations"": 935, ""c_depth"": 4, ""c_lr"": 0.016251556231258478, ""c_l2"": 3.290153277457949e-05}",2025-12-08T01:43:26.418189+00:00
330,COMPLETE,0.3782401531842345,"{""c_iterations"": 1212, ""c_depth"": 4, ""c_lr"": 0.02362996303569266, ""c_l2"": 4.643013508755375e-05}",2025-12-08T01:43:33.614551+00:00
331,COMPLETE,0.39740335249635056,"{""c_iterations"": 910, ""c_depth"": 4, ""c_lr"": 0.0001427365464371224, ""c_l2"": 0.0005174490258693333}",2025-12-08T01:43:45.102888+00:00
332,COMPLETE,0.3789614650819713,"{""c_iterations"": 1145, ""c_depth"": 4, ""c_lr"": 0.01923226082825349, ""c_l2"": 3.0470033004933142e-05}",2025-12-08T01:43:52.164299+00:00
333,COMPLETE,0.37768833839268484,"{""c_iterations"": 1278, ""c_depth"": 4, ""c_lr"": 0.01438211300081749, ""c_l2"": 7.597840956137618e-05}",2025-12-08T01:44:00.161789+00:00
334,COMPLETE,0.37775952225945136,"{""c_iterations"": 1228, ""c_depth"": 4, ""c_lr"": 0.018193367968971468, ""c_l2"": 3.718889714789015e-05}",2025-12-08T01:44:08.341271+00:00
335,COMPLETE,0.37829854340091623,"{""c_iterations"": 1129, ""c_depth"": 4, ""c_lr"": 0.011708760707309794, ""c_l2"": 6.131811441314124e-05}",2025-12-08T01:44:16.377093+00:00
336,COMPLETE,0.3774069285304992,"{""c_iterations"": 1340, ""c_depth"": 4, ""c_lr"": 0.016345695706434595, ""c_l2"": 2.7034866560182232e-05}",2025-12-08T01:44:24.785213+00:00
337,COMPLETE,0.37807766947402893,"{""c_iterations"": 1032, ""c_depth"": 4, ""c_lr"": 0.022162301587351056, ""c_l2"": 5.2046914278251675e-05}",2025-12-08T01:44:31.788297+00:00
338,COMPLETE,0.3807433319008046,"{""c_iterations"": 662, ""c_depth"": 4, ""c_lr"": 0.06593928695465098, ""c_l2"": 2.2520622932493143e-05}",2025-12-08T01:44:36.803533+00:00
339,COMPLETE,0.37759182682509596,"{""c_iterations"": 1268, ""c_depth"": 4, ""c_lr"": 0.013944875827313666, ""c_l2"": 3.649965112714186e-05}",2025-12-08T01:44:44.989218+00:00
340,COMPLETE,0.37792990703054596,"{""c_iterations"": 1184, ""c_depth"": 4, ""c_lr"": 0.010047487813882976, ""c_l2"": 0.00010135925613486305}",2025-12-08T01:44:53.479868+00:00
341,COMPLETE,0.3793338973447328,"{""c_iterations"": 1095, ""c_depth"": 10, ""c_lr"": 0.01804665612648745, ""c_l2"": 0.0017094411369645466}",2025-12-08T01:45:07.975665+00:00
342,COMPLETE,0.37781875142008997,"{""c_iterations"": 768, ""c_depth"": 4, ""c_lr"": 0.012623139331053627, ""c_l2"": 7.292201110444084e-05}",2025-12-08T01:45:15.182390+00:00
343,COMPLETE,0.37777262146964524,"{""c_iterations"": 913, ""c_depth"": 4, ""c_lr"": 0.015278896231947645, ""c_l2"": 0.00364957807359383}",2025-12-08T01:45:22.307028+00:00
344,COMPLETE,0.3786096767929716,"{""c_iterations"": 1332, ""c_depth"": 4, ""c_lr"": 0.07824326094527437, ""c_l2"": 4.3498591964942454e-05}",2025-12-08T01:45:26.633483+00:00
345,COMPLETE,0.3784828814271878,"{""c_iterations"": 1211, ""c_depth"": 4, ""c_lr"": 0.01958696074908472, ""c_l2"": 0.0001826163759498595}",2025-12-08T01:45:34.329966+00:00
346,COMPLETE,0.3788909739745327,"{""c_iterations"": 1251, ""c_depth"": 8, ""c_lr"": 0.026713063632123606, ""c_l2"": 3.1234417738213615e-05}",2025-12-08T01:45:46.954513+00:00
347,COMPLETE,0.3794379472836483,"{""c_iterations"": 1161, ""c_depth"": 5, ""c_lr"": 0.01637909412833157, ""c_l2"": 2.0984087495136183e-06}",2025-12-08T01:45:56.769226+00:00
348,COMPLETE,0.37784675813738244,"{""c_iterations"": 1302, ""c_depth"": 4, ""c_lr"": 0.011949951670715442, ""c_l2"": 1.5213528937637144e-06}",2025-12-08T01:46:05.929666+00:00
349,COMPLETE,0.37818736534419434,"{""c_iterations"": 727, ""c_depth"": 4, ""c_lr"": 0.02170553895440242, ""c_l2"": 2.0289832352039823e-05}",2025-12-08T01:46:12.174305+00:00
350,COMPLETE,0.3776890042952598,"{""c_iterations"": 1026, ""c_depth"": 4, ""c_lr"": 0.00858603757242544, ""c_l2"": 5.68748020046267e-05}",2025-12-08T01:46:21.289310+00:00
351,COMPLETE,0.37755658088267213,"{""c_iterations"": 1244, ""c_depth"": 4, ""c_lr"": 0.013864447321996999, ""c_l2"": 3.181731852080026e-06}",2025-12-08T01:46:29.519256+00:00
352,COMPLETE,0.3780568909061287,"{""c_iterations"": 1339, ""c_depth"": 4, ""c_lr"": 0.01758802928599957, ""c_l2"": 4.013839162632575e-05}",2025-12-08T01:46:38.339320+00:00
353,COMPLETE,0.3775113006647394,"{""c_iterations"": 1082, ""c_depth"": 4, ""c_lr"": 0.015208405891996726, ""c_l2"": 2.534300490364015e-05}",2025-12-08T01:46:46.629182+00:00
354,COMPLETE,0.37800629086398024,"{""c_iterations"": 1174, ""c_depth"": 4, ""c_lr"": 0.01093032691700771, ""c_l2"": 7.993923741117272e-05}",2025-12-08T01:46:55.639377+00:00
355,COMPLETE,0.3785224887708481,"{""c_iterations"": 1282, ""c_depth"": 4, ""c_lr"": 0.024724439295051543, ""c_l2"": 4.896550624977386e-05}",2025-12-08T01:47:02.349610+00:00
356,COMPLETE,0.3786249883373411,"{""c_iterations"": 851, ""c_depth"": 4, ""c_lr"": 0.019639565988029798, ""c_l2"": 0.0001197061569248018}",2025-12-08T01:47:09.055205+00:00
357,COMPLETE,0.37892044358202387,"{""c_iterations"": 1123, ""c_depth"": 6, ""c_lr"": 0.013258753769038907, ""c_l2"": 6.18919094744086e-06}",2025-12-08T01:47:20.894955+00:00
358,COMPLETE,0.3773060665050581,"{""c_iterations"": 612, ""c_depth"": 4, ""c_lr"": 0.016916025792763766, ""c_l2"": 3.078748830985334e-05}",2025-12-08T01:47:27.299141+00:00
359,COMPLETE,0.3788093398302725,"{""c_iterations"": 612, ""c_depth"": 4, ""c_lr"": 0.04838704897881985, ""c_l2"": 1.495216309561914e-05}",2025-12-08T01:47:32.579064+00:00
360,COMPLETE,0.37781803818423243,"{""c_iterations"": 571, ""c_depth"": 4, ""c_lr"": 0.017453090757134852, ""c_l2"": 2.235875764502966e-05}",2025-12-08T01:47:39.502062+00:00
361,COMPLETE,0.3785525818999161,"{""c_iterations"": 693, ""c_depth"": 5, ""c_lr"": 0.0212536233109077, ""c_l2"": 3.096926360944005e-05}",2025-12-08T01:47:47.309408+00:00
362,COMPLETE,0.37772016924667984,"{""c_iterations"": 624, ""c_depth"": 4, ""c_lr"": 0.01478964423378554, ""c_l2"": 6.141667489879283e-05}",2025-12-08T01:47:53.752357+00:00
363,COMPLETE,0.3778871511467124,"{""c_iterations"": 671, ""c_depth"": 4, ""c_lr"": 0.012535379497761673, ""c_l2"": 1.0607665330650393e-05}",2025-12-08T01:48:00.924490+00:00
364,COMPLETE,0.3782872388409065,"{""c_iterations"": 537, ""c_depth"": 4, ""c_lr"": 0.01892050206290151, ""c_l2"": 1.712869635984036e-05}",2025-12-08T01:48:06.419313+00:00
365,COMPLETE,0.3790127998507012,"{""c_iterations"": 591, ""c_depth"": 5, ""c_lr"": 0.009909034328557791, ""c_l2"": 0.035550484171233285}",2025-12-08T01:48:13.999333+00:00
366,COMPLETE,0.37804113645714915,"{""c_iterations"": 780, ""c_depth"": 4, ""c_lr"": 0.030973667027870203, ""c_l2"": 3.8078200897557816e-05}",2025-12-08T01:48:19.677850+00:00
367,COMPLETE,0.37716768871278716,"{""c_iterations"": 945, ""c_depth"": 4, ""c_lr"": 0.016550432184267393, ""c_l2"": 0.007077090283311107}",2025-12-08T01:48:26.867937+00:00
368,COMPLETE,0.3785817001510183,"{""c_iterations"": 961, ""c_depth"": 4, ""c_lr"": 0.023309093977334064, ""c_l2"": 3.6537511582114005e-06}",2025-12-08T01:48:33.608308+00:00
369,COMPLETE,0.37818975859791576,"{""c_iterations"": 901, ""c_depth"": 4, ""c_lr"": 0.017325925115163846, ""c_l2"": 1.5974205842172666}",2025-12-08T01:48:40.419330+00:00
370,COMPLETE,0.37872913403326436,"{""c_iterations"": 993, ""c_depth"": 4, ""c_lr"": 0.019577416291405747, ""c_l2"": 0.0010763615607371926}",2025-12-08T01:48:47.819332+00:00
371,COMPLETE,0.37919590275849097,"{""c_iterations"": 940, ""c_depth"": 7, ""c_lr"": 0.0925800163241659, ""c_l2"": 0.0006465980481374215}",2025-12-08T01:48:55.049301+00:00
372,COMPLETE,0.37870619257941845,"{""c_iterations"": 1023, ""c_depth"": 4, ""c_lr"": 0.058208406063063156, ""c_l2"": 2.302242041907825e-06}",2025-12-08T01:49:00.519346+00:00
373,COMPLETE,0.3819775368575431,"{""c_iterations"": 1199, ""c_depth"": 4, ""c_lr"": 0.0016711522676430247, ""c_l2"": 9.018154986469911e-05}",2025-12-08T01:49:13.108106+00:00
374,COMPLETE,0.3773774347016937,"{""c_iterations"": 1094, ""c_depth"": 4, ""c_lr"": 0.0156264919935839, ""c_l2"": 5.3465057787332205e-06}",2025-12-08T01:49:20.451847+00:00
375,COMPLETE,0.3780770588716361,"{""c_iterations"": 1149, ""c_depth"": 4, ""c_lr"": 0.025633950802247042, ""c_l2"": 2.1913169553892856e-05}",2025-12-08T01:49:26.876728+00:00
376,COMPLETE,0.37774642254617874,"{""c_iterations"": 1239, ""c_depth"": 4, ""c_lr"": 0.012970072157800435, ""c_l2"": 0.0026703000187443854}",2025-12-08T01:49:36.721615+00:00
377,COMPLETE,0.3780760193470544,"{""c_iterations"": 1278, ""c_depth"": 4, ""c_lr"": 0.017583401115873313, ""c_l2"": 0.015367135932775083}",2025-12-08T01:49:45.173161+00:00
378,COMPLETE,0.37808275259412744,"{""c_iterations"": 1196, ""c_depth"": 4, ""c_lr"": 0.011474544618984348, ""c_l2"": 5.498147698484839e-05}",2025-12-08T01:49:54.419349+00:00
379,COMPLETE,0.3778333385191871,"{""c_iterations"": 1043, ""c_depth"": 4, ""c_lr"": 0.01424652361859294, ""c_l2"": 1.1420262676155477e-06}",2025-12-08T01:50:01.813401+00:00
380,COMPLETE,0.3782902737805679,"{""c_iterations"": 868, ""c_depth"": 4, ""c_lr"": 0.021077091908657624, ""c_l2"": 7.06896126639776e-05}",2025-12-08T01:50:08.703543+00:00
381,COMPLETE,0.3770604075274199,"{""c_iterations"": 1106, ""c_depth"": 4, ""c_lr"": 0.016737535722541982, ""c_l2"": 2.677095158396223e-05}",2025-12-08T01:50:15.939587+00:00
382,COMPLETE,0.3788165830699883,"{""c_iterations"": 1310, ""c_depth"": 4, ""c_lr"": 0.0430979919090362, ""c_l2"": 2.5412059360471386e-05}",2025-12-08T01:50:21.794487+00:00
383,COMPLETE,0.3771093828365774,"{""c_iterations"": 1127, ""c_depth"": 4, ""c_lr"": 0.016776614995559144, ""c_l2"": 0.10465679025407856}",2025-12-08T01:50:29.656940+00:00
384,COMPLETE,0.3780052225686478,"{""c_iterations"": 1111, ""c_depth"": 4, ""c_lr"": 0.021311485713176113, ""c_l2"": 0.07297313997326729}",2025-12-08T01:50:36.929110+00:00
385,COMPLETE,0.3782454815321791,"{""c_iterations"": 1151, ""c_depth"": 4, ""c_lr"": 0.018335602055271294, ""c_l2"": 1.5368974371612314e-05}",2025-12-08T01:50:44.599175+00:00
386,COMPLETE,0.37768338110005223,"{""c_iterations"": 995, ""c_depth"": 4, ""c_lr"": 0.01412323808895601, ""c_l2"": 2.740559728858446e-05}",2025-12-08T01:50:52.139418+00:00
387,COMPLETE,0.37907496113868283,"{""c_iterations"": 1061, ""c_depth"": 5, ""c_lr"": 0.024350889237746313, ""c_l2"": 1.7997616721984202e-05}",2025-12-08T01:51:01.267086+00:00
388,COMPLETE,0.3777376982532813,"{""c_iterations"": 1204, ""c_depth"": 4, ""c_lr"": 0.01709179444906099, ""c_l2"": 0.005935670549678795}",2025-12-08T01:51:08.888991+00:00
389,COMPLETE,0.37878489839881235,"{""c_iterations"": 1095, ""c_depth"": 4, ""c_lr"": 0.03619188778292055, ""c_l2"": 1.2704815045689372e-05}",2025-12-08T01:51:15.578674+00:00
390,COMPLETE,0.37809138395433567,"{""c_iterations"": 941, ""c_depth"": 4, ""c_lr"": 0.011923815761799164, ""c_l2"": 0.1086680018068678}",2025-12-08T01:51:24.238360+00:00
391,COMPLETE,0.3777989088548862,"{""c_iterations"": 1150, ""c_depth"": 4, ""c_lr"": 0.014544985775076428, ""c_l2"": 0.043420216317236235}",2025-12-08T01:51:32.017955+00:00
392,COMPLETE,0.37764502171691616,"{""c_iterations"": 1221, ""c_depth"": 4, ""c_lr"": 0.020421406302499757, ""c_l2"": 3.181029462309378e-05}",2025-12-08T01:51:39.858052+00:00
393,COMPLETE,0.37699012553586597,"{""c_iterations"": 1034, ""c_depth"": 4, ""c_lr"": 0.016498899605379112, ""c_l2"": 3.3848448092231123}",2025-12-08T01:51:47.377707+00:00
394,COMPLETE,0.3779216344493922,"{""c_iterations"": 1019, ""c_depth"": 4, ""c_lr"": 0.02722907659878579, ""c_l2"": 0.008332474879871384}",2025-12-08T01:51:53.375271+00:00
395,COMPLETE,0.37853249789494786,"{""c_iterations"": 961, ""c_depth"": 4, ""c_lr"": 0.018308789391489572, ""c_l2"": 0.06487178560155747}",2025-12-08T01:52:00.587247+00:00
396,COMPLETE,0.37926855465114767,"{""c_iterations"": 1040, ""c_depth"": 4, ""c_lr"": 0.07230801996450369, ""c_l2"": 0.6621843116110344}",2025-12-08T01:52:05.157124+00:00
397,COMPLETE,0.3773465865939249,"{""c_iterations"": 1087, ""c_depth"": 4, ""c_lr"": 0.016336722057192776, ""c_l2"": 0.019474757901871607}",2025-12-08T01:52:12.986870+00:00
398,COMPLETE,0.3782337047533908,"{""c_iterations"": 921, ""c_depth"": 4, ""c_lr"": 0.01891821264979004, ""c_l2"": 9.057382156916474e-06}",2025-12-08T01:52:19.436537+00:00
399,COMPLETE,0.37795584035532964,"{""c_iterations"": 972, ""c_depth"": 4, ""c_lr"": 0.022794846390064506, ""c_l2"": 0.034785290307434415}",2025-12-08T01:52:26.246413+00:00
400,COMPLETE,0.3773205234135873,"{""c_iterations"": 1047, ""c_depth"": 4, ""c_lr"": 0.015511936075963843, ""c_l2"": 1.0085936095657915}",2025-12-08T01:52:34.462268+00:00
401,COMPLETE,0.37772056107540863,"{""c_iterations"": 893, ""c_depth"": 4, ""c_lr"": 0.021050361419116162, ""c_l2"": 4.655140316035838}",2025-12-08T01:52:41.436070+00:00
402,COMPLETE,0.3788900687447106,"{""c_iterations"": 1136, ""c_depth"": 5, ""c_lr"": 0.015864674495467124, ""c_l2"": 1.8975007644145858}",2025-12-08T01:52:51.733148+00:00
403,COMPLETE,0.3824275254516969,"{""c_iterations"": 993, ""c_depth"": 4, ""c_lr"": 0.15034035114090177, ""c_l2"": 3.0060392705772414}",2025-12-08T01:52:55.425488+00:00
404,COMPLETE,0.37899515219233565,"{""c_iterations"": 841, ""c_depth"": 7, ""c_lr"": 0.013337481751049285, ""c_l2"": 2.4165744458180055e-05}",2025-12-08T01:53:07.648151+00:00
405,COMPLETE,0.378126430951468,"{""c_iterations"": 1091, ""c_depth"": 4, ""c_lr"": 0.01856184157283569, ""c_l2"": 0.20642979736633024}",2025-12-08T01:53:15.382085+00:00
406,COMPLETE,0.3786077334839388,"{""c_iterations"": 1267, ""c_depth"": 4, ""c_lr"": 0.017264030368929126, ""c_l2"": 9.416644382590539}",2025-12-08T01:53:24.374644+00:00
407,COMPLETE,0.379705746317634,"{""c_iterations"": 1141, ""c_depth"": 6, ""c_lr"": 0.023979004885273155, ""c_l2"": 5.321591498473171}",2025-12-08T01:53:37.754364+00:00
408,COMPLETE,0.378396687158384,"{""c_iterations"": 1194, ""c_depth"": 8, ""c_lr"": 0.1040361417941794, ""c_l2"": 1.864656467711594e-05}",2025-12-08T01:53:45.193117+00:00
409,COMPLETE,0.3778806625454355,"{""c_iterations"": 660, ""c_depth"": 4, ""c_lr"": 0.014151135007347486, ""c_l2"": 3.8313416712064646e-05}",2025-12-08T01:53:51.793947+00:00
410,COMPLETE,0.3781907581566046,"{""c_iterations"": 1061, ""c_depth"": 4, ""c_lr"": 0.010459586677387996, ""c_l2"": 1.5676379468031203}",2025-12-08T01:54:00.293541+00:00
411,COMPLETE,0.377701969941858,"{""c_iterations"": 1007, ""c_depth"": 4, ""c_lr"": 0.029413226875729934, ""c_l2"": 1.400273766273494e-05}",2025-12-08T01:54:06.855353+00:00
412,COMPLETE,0.3782977680497362,"{""c_iterations"": 1267, ""c_depth"": 4, ""c_lr"": 0.020503677572066302, ""c_l2"": 3.1105502290892324}",2025-12-08T01:54:14.523065+00:00
413,COMPLETE,0.37782513248467786,"{""c_iterations"": 725, ""c_depth"": 4, ""c_lr"": 0.01252044336597626, ""c_l2"": 4.506889235737752e-05}",2025-12-08T01:54:21.952997+00:00
414,COMPLETE,0.3791560216460536,"{""c_iterations"": 808, ""c_depth"": 5, ""c_lr"": 0.01647440289427729, ""c_l2"": 0.08372899831793733}",2025-12-08T01:54:30.252636+00:00
415,COMPLETE,0.3776114551616497,"{""c_iterations"": 1663, ""c_depth"": 4, ""c_lr"": 0.014475298697276309, ""c_l2"": 2.437499130015936e-05}",2025-12-08T01:54:38.979240+00:00
416,COMPLETE,0.37731197835810687,"{""c_iterations"": 1369, ""c_depth"": 4, ""c_lr"": 0.008910626784865365, ""c_l2"": 3.0660687526850746e-05}",2025-12-08T01:54:48.416923+00:00
417,COMPLETE,0.3780701759214944,"{""c_iterations"": 1351, ""c_depth"": 4, ""c_lr"": 0.011499921859750496, ""c_l2"": 2.942796797708825e-05}",2025-12-08T01:54:57.221814+00:00
418,COMPLETE,0.37826198261918287,"{""c_iterations"": 930, ""c_depth"": 4, ""c_lr"": 0.010240652164107782, ""c_l2"": 6.822776001303681}",2025-12-08T01:55:06.271369+00:00
419,COMPLETE,0.37784117419408214,"{""c_iterations"": 1371, ""c_depth"": 4, ""c_lr"": 0.009389330898985693, ""c_l2"": 1.9714944830804054e-05}",2025-12-08T01:55:15.864687+00:00
420,COMPLETE,0.3789604655676891,"{""c_iterations"": 620, ""c_depth"": 4, ""c_lr"": 0.007931500181629901, ""c_l2"": 3.1543017622757494e-05}",2025-12-08T01:55:23.100927+00:00
421,COMPLETE,0.37775256696367143,"{""c_iterations"": 1106, ""c_depth"": 4, ""c_lr"": 0.012366474800652297, ""c_l2"": 1.1328733411503674e-05}",2025-12-08T01:55:31.952560+00:00
422,COMPLETE,0.3777785161687267,"{""c_iterations"": 1154, ""c_depth"": 4, ""c_lr"": 0.01479223079547531, ""c_l2"": 1.9273195971843296e-05}",2025-12-08T01:55:40.342396+00:00
423,COMPLETE,0.37816262139991763,"{""c_iterations"": 1397, ""c_depth"": 4, ""c_lr"": 0.007328669049900612, ""c_l2"": 4.181261619161843e-05}",2025-12-08T01:55:50.978782+00:00
424,COMPLETE,0.37827211004760325,"{""c_iterations"": 1223, ""c_depth"": 4, ""c_lr"": 0.019760831196298442, ""c_l2"": 0.00937616624780247}",2025-12-08T01:55:57.830473+00:00
425,COMPLETE,0.37979852715520374,"{""c_iterations"": 1057, ""c_depth"": 9, ""c_lr"": 0.00889027966684965, ""c_l2"": 7.368733885409516e-06}",2025-12-08T01:56:14.198865+00:00
426,COMPLETE,0.37740928766211357,"{""c_iterations"": 895, ""c_depth"": 4, ""c_lr"": 0.0164735347286929, ""c_l2"": 2.7133634613496196e-05}",2025-12-08T01:56:20.781289+00:00
427,COMPLETE,0.37916272624880837,"{""c_iterations"": 1170, ""c_depth"": 5, ""c_lr"": 0.013227197858765232, ""c_l2"": 4.148298703497793e-05}",2025-12-08T01:56:31.338208+00:00
428,COMPLETE,0.37853704553603784,"{""c_iterations"": 979, ""c_depth"": 4, ""c_lr"": 0.022516794357739397, ""c_l2"": 1.370934100517924e-05}",2025-12-08T01:56:37.975913+00:00
429,COMPLETE,0.37805122573227323,"{""c_iterations"": 1119, ""c_depth"": 4, ""c_lr"": 0.017326133249105067, ""c_l2"": 2.3032527036300458e-05}",2025-12-08T01:56:45.327686+00:00
430,COMPLETE,0.3778516527965123,"{""c_iterations"": 1535, ""c_depth"": 4, ""c_lr"": 0.010852686477038062, ""c_l2"": 0.5181542883911822}",2025-12-08T01:56:55.261041+00:00
431,COMPLETE,0.37745202777741516,"{""c_iterations"": 1252, ""c_depth"": 4, ""c_lr"": 0.014687872480304098, ""c_l2"": 3.337095883965914e-05}",2025-12-08T01:57:03.754013+00:00
432,COMPLETE,0.3782695394706361,"{""c_iterations"": 542, ""c_depth"": 4, ""c_lr"": 0.01992446825454683, ""c_l2"": 1.757544925243769e-05}",2025-12-08T01:57:09.386600+00:00
433,COMPLETE,0.37825317247204726,"{""c_iterations"": 1331, ""c_depth"": 4, ""c_lr"": 0.025995044044978436, ""c_l2"": 0.1369144660490527}",2025-12-08T01:57:16.210775+00:00
434,COMPLETE,0.37993607684885694,"{""c_iterations"": 1309, ""c_depth"": 4, ""c_lr"": 0.06312106332269693, ""c_l2"": 4.8533837182869806e-05}",2025-12-08T01:57:21.605958+00:00
435,COMPLETE,0.37698045416949255,"{""c_iterations"": 2912, ""c_depth"": 4, ""c_lr"": 0.013036149214899184, ""c_l2"": 2.848827448679877e-05}",2025-12-08T01:57:32.685482+00:00
436,COMPLETE,0.37842693754729606,"{""c_iterations"": 2944, ""c_depth"": 4, ""c_lr"": 0.08284565977841639, ""c_l2"": 0.0013932239136671143}",2025-12-08T01:57:37.238847+00:00
437,COMPLETE,0.37815689765187127,"{""c_iterations"": 1032, ""c_depth"": 4, ""c_lr"": 0.012809244336311582, ""c_l2"": 1.3053242986524018}",2025-12-08T01:57:45.051959+00:00
438,COMPLETE,0.3775088717783272,"{""c_iterations"": 2736, ""c_depth"": 4, ""c_lr"": 0.015067800922681656, ""c_l2"": 0.3686594316462673}",2025-12-08T01:57:54.955796+00:00
439,COMPLETE,0.3785517750897439,"{""c_iterations"": 738, ""c_depth"": 5, ""c_lr"": 0.017949299284818282, ""c_l2"": 2.2502478713293374e-05}",2025-12-08T01:58:03.218759+00:00
440,COMPLETE,0.3781738012674607,"{""c_iterations"": 2384, ""c_depth"": 4, ""c_lr"": 0.011647001479894007, ""c_l2"": 1.6641879904366833e-06}",2025-12-08T01:58:13.217097+00:00
441,COMPLETE,0.3784283581767304,"{""c_iterations"": 2628, ""c_depth"": 4, ""c_lr"": 0.03306530596222122, ""c_l2"": 1.0100190654629205e-05}",2025-12-08T01:58:20.007954+00:00
442,COMPLETE,0.3872328388100997,"{""c_iterations"": 818, ""c_depth"": 4, ""c_lr"": 0.0010284119163012603, ""c_l2"": 4.5725730839427374e-05}",2025-12-08T01:58:30.858880+00:00
443,COMPLETE,0.37768334274218557,"{""c_iterations"": 1096, ""c_depth"": 4, ""c_lr"": 0.015666666332202716, ""c_l2"": 1.9169824304344782e-05}",2025-12-08T01:58:39.819428+00:00
444,COMPLETE,0.37929498075197426,"{""c_iterations"": 1188, ""c_depth"": 6, ""c_lr"": 0.04930185549314798, ""c_l2"": 3.1999447955129e-05}",2025-12-08T01:58:48.807742+00:00
445,COMPLETE,0.3779942777348112,"{""c_iterations"": 671, ""c_depth"": 4, ""c_lr"": 0.02289575448053374, ""c_l2"": 1.2576362774742342e-05}",2025-12-08T01:58:56.435926+00:00
446,COMPLETE,0.37798930308866546,"{""c_iterations"": 2545, ""c_depth"": 4, ""c_lr"": 0.01364989996663824, ""c_l2"": 0.004376171921669381}",2025-12-08T01:59:07.961796+00:00
447,COMPLETE,0.3784192287593023,"{""c_iterations"": 941, ""c_depth"": 4, ""c_lr"": 0.01913704804702656, ""c_l2"": 5.453490079633897e-05}",2025-12-08T01:59:15.302301+00:00
448,COMPLETE,0.3774612973451949,"{""c_iterations"": 2675, ""c_depth"": 4, ""c_lr"": 0.015825598194635693, ""c_l2"": 2.2666119485909912}",2025-12-08T01:59:24.703076+00:00
449,COMPLETE,0.37790183985941767,"{""c_iterations"": 1024, ""c_depth"": 4, ""c_lr"": 0.018596500210319226, ""c_l2"": 2.842817114849369e-05}",2025-12-08T01:59:31.856176+00:00
450,COMPLETE,0.3776119183292861,"{""c_iterations"": 1192, ""c_depth"": 4, ""c_lr"": 0.013194110341191147, ""c_l2"": 4.3520607436751964e-05}",2025-12-08T01:59:40.304173+00:00
451,COMPLETE,0.37792799787794223,"{""c_iterations"": 1140, ""c_depth"": 4, ""c_lr"": 0.01651452627223775, ""c_l2"": 0.7269023013230319}",2025-12-08T01:59:48.514934+00:00
452,COMPLETE,0.378205724333579,"{""c_iterations"": 2782, ""c_depth"": 4, ""c_lr"": 0.021817847877780547, ""c_l2"": 0.002387123779867921}",2025-12-08T01:59:57.503141+00:00
453,COMPLETE,0.3783183732530953,"{""c_iterations"": 883, ""c_depth"": 4, ""c_lr"": 0.011407419358303838, ""c_l2"": 1.6607258203794204e-05}",2025-12-08T02:00:05.748888+00:00
454,COMPLETE,0.3780951216655655,"{""c_iterations"": 1071, ""c_depth"": 4, ""c_lr"": 0.01486549033016755, ""c_l2"": 4.64698651812067e-06}",2025-12-08T02:00:12.991892+00:00
455,COMPLETE,0.3781189188634857,"{""c_iterations"": 972, ""c_depth"": 4, ""c_lr"": 0.018781016097560065, ""c_l2"": 0.2962614417106912}",2025-12-08T02:00:19.837399+00:00
456,COMPLETE,0.37787509392440183,"{""c_iterations"": 2482, ""c_depth"": 4, ""c_lr"": 0.012948832543478483, ""c_l2"": 2.475598338691505e-05}",2025-12-08T02:00:31.748333+00:00
457,COMPLETE,0.3782599509550372,"{""c_iterations"": 2318, ""c_depth"": 4, ""c_lr"": 0.02611198444632085, ""c_l2"": 3.9511672054755835e-05}",2025-12-08T02:00:39.409167+00:00
458,COMPLETE,0.3772475075827494,"{""c_iterations"": 591, ""c_depth"": 4, ""c_lr"": 0.016695489159466868, ""c_l2"": 5.89205702549074e-05}",2025-12-08T02:00:45.809454+00:00
459,COMPLETE,0.3777150156445408,"{""c_iterations"": 1244, ""c_depth"": 4, ""c_lr"": 0.020562059264187516, ""c_l2"": 6.407809921570342e-05}",2025-12-08T02:00:53.320214+00:00
460,COMPLETE,0.3778393697218988,"{""c_iterations"": 1174, ""c_depth"": 4, ""c_lr"": 0.014353927448132964, ""c_l2"": 9.266411986275411e-05}",2025-12-08T02:01:01.480633+00:00
461,COMPLETE,0.38121760682634903,"{""c_iterations"": 1271, ""c_depth"": 4, ""c_lr"": 0.13150374708562187, ""c_l2"": 4.7091223601690095e-05}",2025-12-08T02:01:05.201039+00:00
462,COMPLETE,0.3788542683982188,"{""c_iterations"": 1113, ""c_depth"": 5, ""c_lr"": 0.01078020940657848, ""c_l2"": 5.884089748679515e-05}",2025-12-08T02:01:15.911552+00:00
463,COMPLETE,0.37985961317879324,"{""c_iterations"": 1615, ""c_depth"": 8, ""c_lr"": 0.01645045421673266, ""c_l2"": 6.756273713837551e-05}",2025-12-08T02:01:34.679800+00:00
464,COMPLETE,0.37961547417647235,"{""c_iterations"": 514, ""c_depth"": 4, ""c_lr"": 0.07344713857576694, ""c_l2"": 8.231623531864202e-05}",2025-12-08T02:01:39.513431+00:00
465,COMPLETE,0.3776387432994474,"{""c_iterations"": 858, ""c_depth"": 4, ""c_lr"": 0.01276725785096436, ""c_l2"": 2.6315788528994222e-06}",2025-12-08T02:01:47.144323+00:00
466,COMPLETE,0.3780166973158142,"{""c_iterations"": 2160, ""c_depth"": 4, ""c_lr"": 0.022791837028507025, ""c_l2"": 8.131877675915056e-06}",2025-12-08T02:01:56.805025+00:00
467,COMPLETE,0.395789367249774,"{""c_iterations"": 771, ""c_depth"": 4, ""c_lr"": 0.00026067846852343107, ""c_l2"": 3.586576708272669e-05}",2025-12-08T02:02:07.118906+00:00
468,COMPLETE,0.37822870589077007,"{""c_iterations"": 2264, ""c_depth"": 4, ""c_lr"": 0.0029709071828003934, ""c_l2"": 0.00011900554069395501}",2025-12-08T02:02:24.467397+00:00
469,COMPLETE,0.379641756634549,"{""c_iterations"": 1011, ""c_depth"": 4, ""c_lr"": 0.05545940191577733, ""c_l2"": 0.0003719221099890456}",2025-12-08T02:02:29.695478+00:00
470,COMPLETE,0.37808293695522777,"{""c_iterations"": 1216, ""c_depth"": 4, ""c_lr"": 0.018338711099553477, ""c_l2"": 2.4443239748502927e-05}",2025-12-08T02:02:37.138051+00:00
471,COMPLETE,0.37757912341524424,"{""c_iterations"": 1304, ""c_depth"": 4, ""c_lr"": 0.014700300881345626, ""c_l2"": 1.6038483069482217e-05}",2025-12-08T02:02:46.742032+00:00
472,COMPLETE,0.3777501979664306,"{""c_iterations"": 1068, ""c_depth"": 4, ""c_lr"": 0.01697593154792064, ""c_l2"": 0.019581290308536285}",2025-12-08T02:02:53.785050+00:00
473,COMPLETE,0.37961734589590584,"{""c_iterations"": 1137, ""c_depth"": 6, ""c_lr"": 0.029763732400777922, ""c_l2"": 0.00024229523811645205}",2025-12-08T02:03:02.596023+00:00
474,COMPLETE,0.37736587292826995,"{""c_iterations"": 1471, ""c_depth"": 4, ""c_lr"": 0.020220252103017665, ""c_l2"": 3.673637033437974e-06}",2025-12-08T02:03:10.277840+00:00
475,COMPLETE,0.37786293100212826,"{""c_iterations"": 1725, ""c_depth"": 4, ""c_lr"": 0.011320932520200151, ""c_l2"": 4.941322206746773e-05}",2025-12-08T02:03:20.939052+00:00
476,COMPLETE,0.37797348676767034,"{""c_iterations"": 576, ""c_depth"": 4, ""c_lr"": 0.014176783107759078, ""c_l2"": 3.495553315142244e-05}",2025-12-08T02:03:27.036593+00:00
477,COMPLETE,0.377276981705234,"{""c_iterations"": 1226, ""c_depth"": 4, ""c_lr"": 0.016373012701074635, ""c_l2"": 2.1763108788190846e-05}",2025-12-08T02:03:34.589058+00:00
478,COMPLETE,0.37779663758495113,"{""c_iterations"": 1252, ""c_depth"": 4, ""c_lr"": 0.012531292491298952, ""c_l2"": 9.773594713056903e-06}",2025-12-08T02:03:42.982884+00:00
479,COMPLETE,0.3787987324011899,"{""c_iterations"": 2820, ""c_depth"": 5, ""c_lr"": 0.0021906406505667144, ""c_l2"": 0.029380013830606067}",2025-12-08T02:04:09.149067+00:00
480,COMPLETE,0.37722481683328735,"{""c_iterations"": 928, ""c_depth"": 4, ""c_lr"": 0.016192619707352914, ""c_l2"": 1.3654454118971138e-05}",2025-12-08T02:04:16.213984+00:00
481,COMPLETE,0.377809869382501,"{""c_iterations"": 886, ""c_depth"": 4, ""c_lr"": 0.014842293906034238, ""c_l2"": 5.590767807361473e-06}",2025-12-08T02:04:23.524125+00:00
482,COMPLETE,0.3783207248596732,"{""c_iterations"": 933, ""c_depth"": 4, ""c_lr"": 0.0184765215420285, ""c_l2"": 1.2108213393187283e-05}",2025-12-08T02:04:30.357259+00:00
483,COMPLETE,0.37818941108353044,"{""c_iterations"": 843, ""c_depth"": 4, ""c_lr"": 0.009623756514414236, ""c_l2"": 0.011389566536062322}",2025-12-08T02:04:38.094411+00:00
484,COMPLETE,0.3782874969880778,"{""c_iterations"": 954, ""c_depth"": 4, ""c_lr"": 0.023590197053994153, ""c_l2"": 1.4605319826347375e-05}",2025-12-08T02:04:44.442081+00:00
485,COMPLETE,0.37751701466132714,"{""c_iterations"": 927, ""c_depth"": 4, ""c_lr"": 0.015942699730005172, ""c_l2"": 2.055567195149694e-05}",2025-12-08T02:04:51.429025+00:00
486,COMPLETE,0.3786761872960387,"{""c_iterations"": 833, ""c_depth"": 4, ""c_lr"": 0.042900747479677974, ""c_l2"": 2.092612071314398e-05}",2025-12-08T02:04:57.435027+00:00
487,COMPLETE,0.37843148480522537,"{""c_iterations"": 996, ""c_depth"": 4, ""c_lr"": 0.011833433878757104, ""c_l2"": 1.6809732937380603e-06}",2025-12-08T02:05:05.249209+00:00
488,COMPLETE,0.3780244877645538,"{""c_iterations"": 784, ""c_depth"": 4, ""c_lr"": 0.013640667036735322, ""c_l2"": 7.1210359436114576e-06}",2025-12-08T02:05:13.115660+00:00
489,COMPLETE,0.3781062359441452,"{""c_iterations"": 698, ""c_depth"": 4, ""c_lr"": 0.021270206907709907, ""c_l2"": 1.4374769520302206e-05}",2025-12-08T02:05:20.012022+00:00
490,COMPLETE,0.3774925922456521,"{""c_iterations"": 961, ""c_depth"": 4, ""c_lr"": 0.017066735701847722, ""c_l2"": 1.0022157398102115e-06}",2025-12-08T02:05:28.639270+00:00
491,COMPLETE,0.3783245003516642,"{""c_iterations"": 1027, ""c_depth"": 4, ""c_lr"": 0.018502724573869433, ""c_l2"": 0.17467205369883104}",2025-12-08T02:05:36.347852+00:00
493,COMPLETE,0.37887384434264554,"{""c_iterations"": 911, ""c_depth"": 5, ""c_lr"": 0.014283262801372503, ""c_l2"": 2.456357896189773e-06}",2025-12-08T02:06:36.079205+00:00
494,COMPLETE,0.3891963442962644,"{""c_iterations"": 881, ""c_depth"": 4, ""c_lr"": 0.0006969899557656161, ""c_l2"": 2.3309625508724224e-05}",2025-12-08T02:06:46.891456+00:00
495,COMPLETE,0.3780416984646387,"{""c_iterations"": 993, ""c_depth"": 4, ""c_lr"": 0.011002273808654473, ""c_l2"": 5.6884924467739454e-05}",2025-12-08T02:06:55.879235+00:00
496,COMPLETE,0.38361012553699825,"{""c_iterations"": 1066, ""c_depth"": 4, ""c_lr"": 0.00135100068531074, ""c_l2"": 3.441561465915647e-05}",2025-12-08T02:07:08.514349+00:00
497,COMPLETE,0.3780470149791922,"{""c_iterations"": 1401, ""c_depth"": 4, ""c_lr"": 0.016504008453644827, ""c_l2"": 6.645220318683348}",2025-12-08T02:07:19.367974+00:00
498,COMPLETE,0.37846562049741106,"{""c_iterations"": 1310, ""c_depth"": 4, ""c_lr"": 0.026163803393804218, ""c_l2"": 7.407440204283984e-05}",2025-12-08T02:07:26.776360+00:00
499,COMPLETE,0.3773857930679191,"{""c_iterations"": 758, ""c_depth"": 4, ""c_lr"": 0.020345844013538523, ""c_l2"": 1.0766315031201292e-05}",2025-12-08T02:07:33.241210+00:00
500,COMPLETE,0.37960339165366974,"{""c_iterations"": 650, ""c_depth"": 4, ""c_lr"": 0.19903313628359495, ""c_l2"": 2.7548692688511386e-05}",2025-12-08T02:07:36.992262+00:00
